contributor_id,full_name,readiness,profile_status,assignment_eligibility,indexable_after_apply,public_directory_after_apply,proposed_answer_count,missing_image,missing_biography,missing_credentials,missing_specialty_detail,external_url,deeper_route,route_prepared_noindex,notes
laura-hilsen,Laura Hilsen,complete,complete,public,yes,yes,100,no,no,no,no,https://peachtreepsychology.com/therapists/laura-hilsen/,/reviewers/laura-hilsen/,yes,
michaela-hilburn,Michaela Hilburn,complete,complete,public,yes,yes,84,no,no,no,no,https://peachtreepsychology.com/therapists/michaela-hilburn/,/reviewers/michaela-hilburn/,yes,
liz-webb,Liz Webb,complete,complete,public,yes,yes,45,no,no,no,no,https://peachtreepsychology.com/therapists/liz-webb/,/reviewers/liz-webb/,yes,
kelsey-donahue,Kelsey Madsen (Donahue),complete,complete,public,yes,yes,39,no,no,no,no,https://peachtreepsychology.com/therapists/kelsey-donahue/,/reviewers/kelsey-donahue/,yes,
jackie-malone,Jackie Malone,complete,complete,public,yes,yes,78,no,no,no,no,https://peachtreepsychology.com/therapists/jackie-malone/,/reviewers/jackie-malone/,yes,
alex-crenshaw-phd,Dr. Alex Crenshaw,complete,complete,public,yes,yes,47,no,no,no,no,https://peachtreepsychology.com/therapists/alex-crenshaw/,/reviewers/alex-crenshaw-phd/,no_existing_indexable,
jeannine-jannot,"Jeannine Jannot, Ph.D.",complete,complete,restricted,yes,no,18,no,no,no,no,https://peachtreepsychology.com/jeannine-jannot/,/reviewers/jeannine-jannot/,yes,
lexi-cooper,Lexi Cooper,complete,complete,public,yes,yes,33,no,no,no,no,https://peachtreepsychology.com/therapists/lexi-cooper/,/reviewers/lexi-cooper/,yes,
meredith-price,Meredith Price,complete,complete,public,yes,yes,71,no,no,no,no,https://peachtreepsychology.com/therapists/meredith-price/,/reviewers/meredith-price/,yes,
sarah-evers,Sarah Evers,complete,complete,public,yes,yes,45,no,no,no,no,https://peachtreepsychology.com/therapists/sarah-evers/,/reviewers/sarah-evers/,yes,
samantha-bryant,Samantha Bryant,complete,complete,public,yes,yes,124,no,no,no,no,https://peachtreepsychology.com/therapists/samantha-bryant/,/reviewers/samantha-bryant/,yes,
erin-benator,Erin Benator,report_only,incomplete,report_only,no,no,0,no,no,yes,no,https://peachtreepsychology.com/therapists/erin-benator/,/reviewers/erin-benator/,yes,report_only_or_intern|missing_credentials
lynn-lane,Lynn Lane,complete,complete,public,yes,yes,79,no,no,no,no,https://peachtreepsychology.com/therapists/lynn-lane/,/reviewers/lynn-lane/,yes,
lauren-sanders,Lauren Sanders,complete,complete,public,yes,yes,3,no,no,no,no,https://peachtreepsychology.com/therapists/lauren-sanders/,/reviewers/lauren-sanders/,yes,
susan-keenan,Susan L. Keenan,complete,complete,public,yes,yes,106,no,no,no,no,https://peachtreepsychology.com/therapists/susan-keenan/,/reviewers/susan-keenan/,yes,
amanda-gaines,Amanda Gaines,complete,complete,public,yes,yes,51,no,no,no,no,https://peachtreepsychology.com/therapists/amanda-gaines/,/reviewers/amanda-gaines/,yes,
