answer_id,answer_slug,current_reviewer_id,current_public_reviewer_name,proposed_contributor_id,proposed_contributor_name,best_contributor_id,best_contributor_name,matched_specialty,deeper_topic,deeper_topic_name,deeper_theme,deeper_category,score,confidence,match_reasons,exclusions_evaluated,soft_cap_impact,profile_completeness,profile_publishable,blocked_incomplete,proposed_public_label,assignment_method,approval_source_internal,misleading_review_date_today,reviewed_at_legacy,qa_override,qa_decision
9debf278-e4ba-4616-8dbf-988b81f6552c,can-ai-chatbots-make-delusional-thoughts-worse,david-k-gore-phd,"Kenneth W. Christian, PhD",,,jackie-malone,Jackie Malone,Life Transitions,general-mental-health,General Mental Health,life-transitions-and-change,General Mental Health,70,medium,exact_topic:general-mental-health via Anxiety (w=0.45)|exact_topic:general-mental-health via Body Image (w=0.55)|demoted_missing_keyword_support|exact_topic:general-mental-health via Life Transitions (w=0.7)|alt_topic:general-mental-health via Stress (w=0.45),,none,complete,true,false,,,,true,2026-06-19,,
586965a5-afa8-4f2f-9084-5e1ef40d6cfb,can-ai-companions-be-risky-for-lonely-teens,david-k-gore-phd,"Kenneth W. Christian, PhD",,,susan-keenan,Susan L. Keenan,Self Esteem,teens-and-identity,Teens & Identity,family-and-parenting,Teen-Specific Questions,78,medium,exact_topic:teens-and-identity via Family Conflict (w=0.7)|tied_topic:teens-and-identity via Parenting (w=0.7)|alias_keyword:shame,,none,complete,true,false,,,,true,2026-06-19,,
d71e60f0-ee8d-4f4c-a9da-d074fdc66430,can-ai-companions-reduce-loneliness-or-make-it-worse,david-k-gore-phd,"Kenneth W. Christian, PhD",,,sarah-evers,Sarah Evers,Building Healthy Relationships,loneliness-and-belonging,Loneliness & Belonging,relationships-and-connection,Loneliness & Isolation,56,medium,exact_topic:loneliness-and-belonging via Building Healthy Relationships (w=0.45)|parent_theme:relationships-and-connection via Building Healthy Relationships,requires_keyword_support:Chronic Illness & Disability|requires_keyword_support:Caregiver Stress|requires_keyword_support:Motherhood|requires_keyword_support:Reproductive Mental Health,none,complete,true,false,,,,true,2026-06-19,,
5b536e8b-8b7d-4125-98e6-cbc35886eba5,can-ai-give-bad-mental-health-advice,david-k-gore-phd,"Kenneth W. Christian, PhD",,,alex-crenshaw-phd,Dr. Alex Crenshaw,Psychological Testing,therapy-and-care-navigation,Therapy & Care Navigation,care-and-therapy,Therapy & Mental Health,65,medium,parent_theme:care-and-therapy via Adult ADHD Testing|exact_topic:therapy-and-care-navigation via Psychological Testing (w=0.65)|tied_topic:therapy-and-care-navigation via Diagnostic Evaluation (w=0.65),,none,complete,true,false,,,,true,2026-06-19,,
3c079123-82a7-446a-8180-80f01f822411,can-ai-make-isolation-feel-normal,david-k-gore-phd,"Kenneth W. Christian, PhD",,,susan-keenan,Susan L. Keenan,Relationship Issues,loneliness-and-belonging,Loneliness & Belonging,relationships-and-connection,Loneliness & Isolation,56,medium,parent_theme:relationships-and-connection via LGBTQ+|exact_topic:loneliness-and-belonging via Relationship Issues (w=0.45)|parent_theme:relationships-and-connection via Relationship Issues,,none,complete,true,false,,,,true,2026-06-19,,
6134da23-54c3-4cf9-a909-f719581d1e41,can-ai-reinforce-mania-or-grandiose-thinking,david-k-gore-phd,"Kenneth W. Christian, PhD",,,jackie-malone,Jackie Malone,Life Transitions,general-mental-health,General Mental Health,life-transitions-and-change,General Mental Health,70,medium,exact_topic:general-mental-health via Anxiety (w=0.45)|exact_topic:general-mental-health via Body Image (w=0.55)|demoted_missing_keyword_support|exact_topic:general-mental-health via Life Transitions (w=0.7)|alt_topic:general-mental-health via Stress (w=0.45),,none,complete,true,false,,,,true,2026-06-19,,
d7d2cd1f-00d8-4c37-83ea-9673b3d79c82,can-ai-therapy-apps-replace-a-licensed-therapist,david-k-gore-phd,"Kenneth W. Christian, PhD",,,alex-crenshaw-phd,Dr. Alex Crenshaw,Psychological Testing,therapy-and-care-navigation,Therapy & Care Navigation,care-and-therapy,Therapy Navigation,65,medium,parent_theme:care-and-therapy via Adult ADHD Testing|exact_topic:therapy-and-care-navigation via Psychological Testing (w=0.65)|tied_topic:therapy-and-care-navigation via Diagnostic Evaluation (w=0.65),,none,complete,true,false,,,,true,2026-06-19,,
6b850fb6-f074-4bb1-937a-93ba2be70a0d,can-an-ai-chatbot-make-suicidal-thoughts-worse,david-k-gore-phd,"Kenneth W. Christian, PhD",,,lexi-cooper,Lexi Cooper,Life Transitions,general-mental-health,General Mental Health,life-transitions-and-change,General Mental Health,70,medium,exact_topic:general-mental-health via Anxiety (w=0.45)|alias_keyword:hopeless|exact_topic:general-mental-health via Life Transitions (w=0.7),,none,complete,true,false,,,,true,2026-06-19,,
ead2df35-3972-404b-bd29-485ceb8da0c3,can-loneliness-affect-my-mental-health,david-k-gore-phd,"Kenneth W. Christian, PhD",,,susan-keenan,Susan L. Keenan,Relationship Issues,loneliness-and-belonging,Loneliness & Belonging,relationships-and-connection,Loneliness & Isolation,56,medium,alias_keyword:Depression|alt_topic:loneliness-and-belonging via Relationship Issues (w=0.45)|parent_theme:relationships-and-connection via Relationship Issues,,none,complete,true,false,,,,true,2026-06-27,,
88542f02-b4b1-4ddb-b4d6-0ee73d09df3a,can-mental-health-symptoms-be-physical,david-k-gore-phd,"Kenneth W. Christian, PhD",,,jackie-malone,Jackie Malone,Stress,general-mental-health,General Mental Health,life-transitions-and-change,General Mental Health,78,medium,exact_topic:general-mental-health via Anxiety (w=0.45)|alias_keyword:Anxiety|exact_topic:general-mental-health via Body Image (w=0.55)|demoted_missing_keyword_support|alias_keyword:Depression|exact_topic:general-mental-health via Life Transitions (w=0.7)|alt_topic:general-mental-health via Stress (w=0.45)|alias_keyword:Anxiety,,none,complete,true,false,,,,true,2026-06-19,,
8dacdab8-37b3-4455-869a-75fe0cdfbaa6,how-can-i-help-my-teenager-who-seems-depressed,david-k-gore-phd,"Kenneth W. Christian, PhD",,,kelsey-donahue,Kelsey Madsen (Donahue),Child,teens-and-identity,Teens & Identity,family-and-parenting,Teens & Identity,70,medium,alias_keyword:Depression|exact_topic:teens-and-identity via Child (w=0.7)|tied_topic:teens-and-identity via Family Conflict (w=0.7)|tied_topic:teens-and-identity via Parenting (w=0.7)|alt_topic:teens-and-identity via School Issues (w=0.45),,none,complete,true,false,,,,true,2026-06-19,,
091b1651-4080-4a45-9890-c07d55e7d3e8,how-can-i-improve-communication-with-my-teenager,david-k-gore-phd,"Kenneth W. Christian, PhD",,,lauren-sanders,Lauren Sanders,Parenting,teens-and-identity,Teens & Identity,family-and-parenting,Teens & Identity,70,medium,exact_topic:teens-and-identity via Parenting (w=0.7)|tied_topic:teens-and-identity via Child (w=0.7),,none,complete,true,false,,,,true,2026-06-19,,
5039a740-3fe5-4133-bd7d-e7df58a40fc0,how-can-i-use-breathing-exercises-to-calm-down,david-k-gore-phd,"Kenneth W. Christian, PhD",,,meredith-price,Meredith Price,Stress,general-mental-health,General Mental Health,life-transitions-and-change,General Mental Health,78,medium,exact_topic:general-mental-health via Anxiety (w=0.45)|alias_keyword:Anxiety|exact_topic:general-mental-health via Body Image (w=0.55)|demoted_missing_keyword_support|parent_theme:life-transitions-and-change via Grief|exact_topic:general-mental-health via Life Transitions (w=0.7)|alt_topic:general-mental-health via Stress (w=0.45)|alias_keyword:Anxiety,"requires_keyword_support:Pregnancy, Prenatal, Postpartum|requires_keyword_support:Infertility",none,complete,true,false,,,,true,2026-06-19,,
5771310f-3bfb-45e0-a42c-4bd29ecd328c,how-can-teens-build-confidence-without-pretending,david-k-gore-phd,"Kenneth W. Christian, PhD",,,kelsey-donahue,Kelsey Madsen (Donahue),Child,teens-and-identity,Teens & Identity,family-and-parenting,Teens & Identity,70,medium,exact_topic:teens-and-identity via Child (w=0.7)|tied_topic:teens-and-identity via Family Conflict (w=0.7)|tied_topic:teens-and-identity via Parenting (w=0.7)|alt_topic:teens-and-identity via School Issues (w=0.45),requires_keyword_support:Eating Disorders,none,complete,true,false,,,,true,2026-06-27,,
1de1b7a4-fa75-499e-b490-60e912c8595f,how-do-i-come-out-to-my-parents-185759-018,david-k-gore-phd,"Kenneth W. Christian, PhD",,,meredith-price,Meredith Price,Family Conflict,teens-and-identity,Teens & Identity,family-and-parenting,Teens & Identity,70,medium,"parent_theme:family-and-parenting via Pregnancy, Prenatal, Postpartum|exact_topic:teens-and-identity via Family Conflict (w=0.7)|tied_topic:teens-and-identity via Parenting (w=0.7)|alt_topic:teens-and-identity via School Issues (w=0.45)","requires_keyword_support:Pregnancy, Prenatal, Postpartum|requires_keyword_support:Body Image",none,complete,true,false,,,,true,2026-06-19,,
7498eae2-8d76-481d-b2df-932f51c8d181,how-do-i-deal-with-anxiety-about-my-firs-185759-044,david-k-gore-phd,"Kenneth W. Christian, PhD",,,alex-crenshaw-phd,Dr. Alex Crenshaw,Psychological Testing,therapy-and-care-navigation,Therapy & Care Navigation,care-and-therapy,Therapy Navigation,65,medium,alias_keyword:Anxiety|exact_topic:therapy-and-care-navigation via Psychological Testing (w=0.65)|tied_topic:therapy-and-care-navigation via Diagnostic Evaluation (w=0.65),,none,complete,true,false,,,,true,2026-06-19,,
781c97dd-ebe2-452e-aba9-fec6a2e8377f,how-do-i-deal-with-body-image-issues-186032-015,david-k-gore-phd,"Kenneth W. Christian, PhD",,,kelsey-donahue,Kelsey Madsen (Donahue),Disordered Eating,teens-and-identity,Teens & Identity,family-and-parenting,Teens & Identity,78,medium,alias_keyword:body image|exact_topic:teens-and-identity via Child (w=0.7)|tied_topic:teens-and-identity via Family Conflict (w=0.7)|tied_topic:teens-and-identity via Parenting (w=0.7)|alt_topic:teens-and-identity via School Issues (w=0.45)|alias_keyword:body image,,none,complete,true,false,,,,true,2026-06-19,,
f94ce3d0-75ec-44cf-8c66-18fb7a19001e,how-do-i-deal-with-difficult-in-laws,david-k-gore-phd,"Kenneth W. Christian, PhD",,,jackie-malone,Jackie Malone,Stress,general-mental-health,General Mental Health,life-transitions-and-change,General Mental Health,78,medium,exact_topic:general-mental-health via Anxiety (w=0.45)|alias_keyword:stress|exact_topic:general-mental-health via Body Image (w=0.55)|demoted_missing_keyword_support|exact_topic:general-mental-health via Life Transitions (w=0.7)|alt_topic:general-mental-health via Stress (w=0.45)|alias_keyword:stress,,none,complete,true,false,,,,true,2026-06-19,,
00509ab5-e831-43b6-8893-7f5baa8396f5,how-do-i-deal-with-feeling-like-i-dont-have-anyone-who-really-gets-me,david-k-gore-phd,"Kenneth W. Christian, PhD",,,meredith-price,Meredith Price,Codependency,loneliness-and-belonging,Loneliness & Belonging,relationships-and-connection,Loneliness & Isolation,56,medium,exact_topic:loneliness-and-belonging via Codependency (w=0.45)|parent_theme:relationships-and-connection via Codependency|alt_topic:loneliness-and-belonging via Marital and Premarital (w=0.45)|alt_topic:loneliness-and-belonging via Relationship Issues (w=0.45),"requires_keyword_support:Pregnancy, Prenatal, Postpartum|requires_keyword_support:Body Image|requires_keyword_support:Infertility",none,complete,true,false,,,,true,2026-06-19,,
c9f9a331-242e-4eb1-8e49-cb1fa437a963,how-do-i-deal-with-feeling-misunderstood-by-e-177941-029,david-k-gore-phd,"Kenneth W. Christian, PhD",,,lexi-cooper,Lexi Cooper,Familial Relationship Counseling,loneliness-and-belonging,Loneliness & Belonging,relationships-and-connection,Social Connection,56,medium,exact_topic:loneliness-and-belonging via Familial Relationship Counseling (w=0.45)|parent_theme:relationships-and-connection via Familial Relationship Counseling,requires_keyword_support:Student Athletic Challenges,none,complete,true,false,,,,true,2026-06-19,,
86a571b5-7e23-456f-8eaa-9f057563c63b,how-do-i-deal-with-peer-pressure-185759-020,david-k-gore-phd,"Kenneth W. Christian, PhD",,,jeannine-jannot,"Jeannine Jannot, Ph.D.",Parenting,teens-and-identity,Teens & Identity,family-and-parenting,Teens & Identity,70,medium,exact_topic:teens-and-identity via School Issues (w=0.45)|exact_topic:teens-and-identity via Parenting (w=0.7)|tied_topic:teens-and-identity via Child (w=0.7)|alt_topic:teens-and-identity via Education and Learning Disabilities (w=0.45)|alt_topic:teens-and-identity via Executive Functioning (w=0.45)|alt_topic:teens-and-identity via Productivity Coaching (w=0.45),,none,complete,true,false,,,,true,2026-06-19,,
f93e5cd1-7f3e-48bc-8289-22f70fbdab2d,how-do-i-deal-with-social-media-affecting-my-mental-health,david-k-gore-phd,"Kenneth W. Christian, PhD",,,samantha-bryant,Samantha Bryant,Codependency,loneliness-and-belonging,Loneliness & Belonging,relationships-and-connection,Loneliness & Isolation,56,medium,alias_keyword:Anxiety|alt_topic:loneliness-and-belonging via Codependency (w=0.45)|parent_theme:relationships-and-connection via Codependency|alt_topic:loneliness-and-belonging via Marital and Premarital (w=0.45),,none,complete,true,false,,,,true,2026-06-19,,
9633b132-b90e-4de9-a1a1-1feda0949b90,how-do-i-deal-with-someone-who-uses-anger-to-contr-186602-006,david-k-gore-phd,"Kenneth W. Christian, PhD",,,michaela-hilburn,Michaela Hilburn,Life Transitions,general-mental-health,General Mental Health,life-transitions-and-change,Anger & Emotional Regulation,70,medium,exact_topic:general-mental-health via Anxiety (w=0.45)|parent_theme:life-transitions-and-change via Grief and Loss|exact_topic:general-mental-health via Life Transitions (w=0.7),,none,complete,true,false,,,,true,2026-06-19,,
318a038c-d981-40fe-9847-d0dfef19d292,how-do-i-deal-with-someone-who-wont-stop-interrupting-me,david-k-gore-phd,"Kenneth W. Christian, PhD",,,liz-webb,Liz Webb,Life Transitions,general-mental-health,General Mental Health,life-transitions-and-change,General Mental Health,70,medium,exact_topic:general-mental-health via Anxiety (w=0.45)|exact_topic:general-mental-health via Life Transitions (w=0.7),,none,complete,true,false,,,,true,2026-06-19,,
d2cb6214-c485-40db-b10d-e9c572fab02e,how-do-i-express-anger-in-healthy-ways-without-bot-186602-004,david-k-gore-phd,"Kenneth W. Christian, PhD",,,samantha-bryant,Samantha Bryant,Life Transitions,general-mental-health,General Mental Health,life-transitions-and-change,Anger & Emotional Regulation,70,medium,exact_topic:general-mental-health via Anxiety (w=0.45)|exact_topic:general-mental-health via Body Image (w=0.55)|demoted_missing_keyword_support|parent_theme:life-transitions-and-change via Grief|exact_topic:general-mental-health via Life Transitions (w=0.7)|alt_topic:general-mental-health via Stress (w=0.45),,none,complete,true,false,,,,true,2026-06-19,,
457e7fee-f258-474e-af21-ee4b1fa42476,how-do-i-express-my-needs-without-sounding-demanding,david-k-gore-phd,"Kenneth W. Christian, PhD",,,jackie-malone,Jackie Malone,Life Transitions,general-mental-health,General Mental Health,life-transitions-and-change,General Mental Health,70,medium,exact_topic:general-mental-health via Anxiety (w=0.45)|exact_topic:general-mental-health via Body Image (w=0.55)|demoted_missing_keyword_support|exact_topic:general-mental-health via Life Transitions (w=0.7)|alt_topic:general-mental-health via Stress (w=0.45),,none,complete,true,false,,,,true,2026-06-19,,
8612dadc-77ad-4057-9fda-ae81631bd2e0,how-do-i-find-a-good-therapist-for-addiction-recovery,david-k-gore-phd,"Kenneth W. Christian, PhD",,,alex-crenshaw-phd,Dr. Alex Crenshaw,Depression,therapy-and-care-navigation,Therapy & Care Navigation,care-and-therapy,Therapy & Mental Health,73,medium,alias_keyword:Trauma|exact_topic:therapy-and-care-navigation via Psychological Testing (w=0.65)|tied_topic:therapy-and-care-navigation via Diagnostic Evaluation (w=0.65)|alias_keyword:Depression,,none,complete,true,false,,,,true,2026-06-19,,
4c923dae-ebbe-4ede-85e0-e0bdb136cc9d,how-do-i-find-a-therapist-thats-right-fo-184729-014,david-k-gore-phd,"Kenneth W. Christian, PhD",,,alex-crenshaw-phd,Dr. Alex Crenshaw,Psychological Testing,therapy-and-care-navigation,Therapy & Care Navigation,care-and-therapy,Therapy Navigation,65,medium,parent_theme:care-and-therapy via Adult ADHD Testing|exact_topic:therapy-and-care-navigation via Psychological Testing (w=0.65)|tied_topic:therapy-and-care-navigation via Diagnostic Evaluation (w=0.65),,none,complete,true,false,,,,true,2026-06-19,,
61b0504a-5e85-4157-807a-9db12cdff9f9,how-do-i-get-over-someone-who-doesnt-want-me-back,david-k-gore-phd,"Kenneth W. Christian, PhD",,,liz-webb,Liz Webb,Grief & Loss,general-mental-health,General Mental Health,life-transitions-and-change,General Mental Health,78,medium,exact_topic:general-mental-health via Anxiety (w=0.45)|exact_topic:general-mental-health via Life Transitions (w=0.7)|alias_keyword:Grief,,none,complete,true,false,,,,true,2026-06-19,,
8e8abc81-1589-4dd1-ad5f-e43d0c425e8a,how-do-i-handle-anniversary-dates-and-holidays-after-losing-someone,david-k-gore-phd,"Kenneth W. Christian, PhD",,,liz-webb,Liz Webb,Grief & Loss,general-mental-health,General Mental Health,life-transitions-and-change,General Mental Health,78,medium,exact_topic:general-mental-health via Anxiety (w=0.45)|exact_topic:general-mental-health via Life Transitions (w=0.7)|alias_keyword:Grief,,none,complete,true,false,,,,true,2026-06-19,,
c09bd0f9-9a0a-4a07-a025-a6b4f5cd4e6b,how-do-i-handle-being-around-my-old-using-friends,david-k-gore-phd,"Kenneth W. Christian, PhD",,,samantha-bryant,Samantha Bryant,Codependency,loneliness-and-belonging,Loneliness & Belonging,relationships-and-connection,Loneliness & Isolation,56,medium,parent_theme:relationships-and-connection via Bisexual|exact_topic:loneliness-and-belonging via Codependency (w=0.45)|parent_theme:relationships-and-connection via Codependency|alt_topic:loneliness-and-belonging via Marital and Premarital (w=0.45),requires_keyword_support:Body Image,none,complete,true,false,,,,true,2026-06-19,,
14e3d823-596b-4593-9123-993e4ba905e0,how-do-i-handle-having-a-crush-on-someon-186032-017,david-k-gore-phd,"Kenneth W. Christian, PhD",,,susan-keenan,Susan L. Keenan,Family Conflict,teens-and-identity,Teens & Identity,family-and-parenting,Teens & Identity,70,medium,exact_topic:teens-and-identity via Family Conflict (w=0.7)|tied_topic:teens-and-identity via Parenting (w=0.7),,none,complete,true,false,,,,true,2026-06-19,,
8d8623ea-ab03-4485-852d-c9465b58c32c,how-do-i-handle-social-situations-where-everyone-is-drinking,david-k-gore-phd,"Kenneth W. Christian, PhD",,,alex-crenshaw-phd,Dr. Alex Crenshaw,Couples,loneliness-and-belonging,Loneliness & Belonging,relationships-and-connection,Loneliness & Isolation,56,medium,exact_topic:loneliness-and-belonging via Couples (w=0.45)|parent_theme:relationships-and-connection via Couples,,none,complete,true,false,,,,true,2026-06-19,,
b43aceaa-f85a-4336-9f7f-892b9a8df48f,how-do-i-handle-work-or-school-while-in-treatment,david-k-gore-phd,"Kenneth W. Christian, PhD",,,alex-crenshaw-phd,Dr. Alex Crenshaw,Psychological Testing,therapy-and-care-navigation,Therapy & Care Navigation,care-and-therapy,Therapy & Mental Health,65,medium,parent_theme:care-and-therapy via Adult ADHD Testing|exact_topic:therapy-and-care-navigation via Psychological Testing (w=0.65)|tied_topic:therapy-and-care-navigation via Diagnostic Evaluation (w=0.65),,none,complete,true,false,,,,true,2026-06-19,,
350ecc6c-b219-4030-b78c-d9c5284c64ce,how-do-i-handle-work-while-in-addiction-treatment,david-k-gore-phd,"Kenneth W. Christian, PhD",,,alex-crenshaw-phd,Dr. Alex Crenshaw,Psychological Testing,therapy-and-care-navigation,Therapy & Care Navigation,care-and-therapy,Therapy & Mental Health,65,medium,parent_theme:care-and-therapy via Adult ADHD Testing|exact_topic:therapy-and-care-navigation via Psychological Testing (w=0.65)|tied_topic:therapy-and-care-navigation via Diagnostic Evaluation (w=0.65),,none,complete,true,false,,,,true,2026-06-19,,
ec3a16dc-8d1c-4d17-a1b6-a4b59247a88b,how-do-i-help-a-family-member-who-has-a-personality-disorder-but-wont-get-treatment,david-k-gore-phd,"Kenneth W. Christian, PhD",,,alex-crenshaw-phd,Dr. Alex Crenshaw,Psychological Testing,therapy-and-care-navigation,Therapy & Care Navigation,care-and-therapy,Therapy & Mental Health,65,medium,parent_theme:care-and-therapy via Adult ADHD Testing|exact_topic:therapy-and-care-navigation via Psychological Testing (w=0.65)|tied_topic:therapy-and-care-navigation via Diagnostic Evaluation (w=0.65),,none,complete,true,false,,,,true,2026-06-19,,
d955eaa0-906a-4e04-aa20-aad1e344ee98,how-do-i-help-my-teen-build-healthy-relationships--187459-007,david-k-gore-phd,"Kenneth W. Christian, PhD",,,lauren-sanders,Lauren Sanders,Parenting,teens-and-identity,Teens & Identity,family-and-parenting,Teen-Specific Questions,70,medium,exact_topic:teens-and-identity via Parenting (w=0.7)|tied_topic:teens-and-identity via Child (w=0.7),,none,complete,true,false,,,,true,2026-06-19,,
a535bb73-1b37-4e58-ae19-e8d31d4a26d4,how-do-i-know-if-a-treatment-program-is-right-for-me,david-k-gore-phd,"Kenneth W. Christian, PhD",,,alex-crenshaw-phd,Dr. Alex Crenshaw,Psychological Testing,therapy-and-care-navigation,Therapy & Care Navigation,care-and-therapy,Therapy & Mental Health,65,medium,parent_theme:care-and-therapy via Adult ADHD Testing|exact_topic:therapy-and-care-navigation via Psychological Testing (w=0.65)|tied_topic:therapy-and-care-navigation via Diagnostic Evaluation (w=0.65),,none,complete,true,false,,,,true,2026-06-19,,
2f1911d5-7a71-436a-94ee-935108ecefe7,how-do-i-know-if-i-have-antisocial-personality-disorder,david-k-gore-phd,"Kenneth W. Christian, PhD",,,samantha-bryant,Samantha Bryant,Codependency,loneliness-and-belonging,Loneliness & Belonging,relationships-and-connection,Loneliness & Isolation,56,medium,parent_theme:relationships-and-connection via Bisexual|exact_topic:loneliness-and-belonging via Codependency (w=0.45)|parent_theme:relationships-and-connection via Codependency|alt_topic:loneliness-and-belonging via Marital and Premarital (w=0.45),requires_keyword_support:Body Image,none,complete,true,false,,,,true,2026-06-19,,
b61be7c2-a15e-4a17-baf8-d02182fe9eb4,how-do-i-know-if-im-gay-straight-or-some-186032-013,david-k-gore-phd,"Kenneth W. Christian, PhD",,,jeannine-jannot,"Jeannine Jannot, Ph.D.",Parenting,teens-and-identity,Teens & Identity,family-and-parenting,Teens & Identity,70,medium,exact_topic:teens-and-identity via School Issues (w=0.45)|exact_topic:teens-and-identity via Parenting (w=0.7)|tied_topic:teens-and-identity via Child (w=0.7)|alt_topic:teens-and-identity via Education and Learning Disabilities (w=0.45)|alt_topic:teens-and-identity via Executive Functioning (w=0.45)|alt_topic:teens-and-identity via Productivity Coaching (w=0.45),,none,complete,true,false,,,,true,2026-06-19,,
a5835bd3-2699-4587-93b3-8348cf22242b,how-do-i-know-if-im-transgender-or-just--184729-007,david-k-gore-phd,"Kenneth W. Christian, PhD",,,kelsey-donahue,Kelsey Madsen (Donahue),Child,teens-and-identity,Teens & Identity,family-and-parenting,Teens & Identity,70,medium,exact_topic:teens-and-identity via Child (w=0.7)|tied_topic:teens-and-identity via Family Conflict (w=0.7)|tied_topic:teens-and-identity via Parenting (w=0.7)|alt_topic:teens-and-identity via School Issues (w=0.45),requires_keyword_support:Eating Disorders,none,complete,true,false,,,,true,2026-06-19,,
71e29f1c-b0bb-420d-90d6-5b174733a6ce,how-do-i-know-if-i-need-medication-for-m-177940-017,david-k-gore-phd,"Kenneth W. Christian, PhD",,,alex-crenshaw-phd,Dr. Alex Crenshaw,Psychological Testing,therapy-and-care-navigation,Therapy & Care Navigation,care-and-therapy,Mental Health Treatment,65,medium,parent_theme:care-and-therapy via Adult ADHD Testing|exact_topic:therapy-and-care-navigation via Psychological Testing (w=0.65)|tied_topic:therapy-and-care-navigation via Diagnostic Evaluation (w=0.65),,none,complete,true,false,,,,true,2026-06-19,,
39d5c801-bbca-4088-88aa-3106ae613b52,how-do-i-know-if-i-need-therapy,david-k-gore-phd,"Kenneth W. Christian, PhD",,,alex-crenshaw-phd,Dr. Alex Crenshaw,Psychological Testing,therapy-and-care-navigation,Therapy & Care Navigation,care-and-therapy,Therapy & Mental Health,65,medium,parent_theme:care-and-therapy via Adult ADHD Testing|exact_topic:therapy-and-care-navigation via Psychological Testing (w=0.65)|tied_topic:therapy-and-care-navigation via Diagnostic Evaluation (w=0.65),,none,complete,true,false,,,,true,2026-06-19,,
03c852cc-7b70-4fd2-8bb9-df740820a4fa,how-do-i-know-if-therapy-is-working-186032-042,david-k-gore-phd,"Kenneth W. Christian, PhD",,,alex-crenshaw-phd,Dr. Alex Crenshaw,Psychological Testing,therapy-and-care-navigation,Therapy & Care Navigation,care-and-therapy,Therapy Navigation,65,medium,alias_keyword:stress|exact_topic:therapy-and-care-navigation via Psychological Testing (w=0.65)|tied_topic:therapy-and-care-navigation via Diagnostic Evaluation (w=0.65),,none,complete,true,false,,,,true,2026-06-19,,
2e0e6cd2-fa3c-4c30-83b2-fa2b6f328589,how-do-i-know-when-its-time-to-make-a-major-life-c-187459-022,david-k-gore-phd,"Kenneth W. Christian, PhD",,,sarah-evers,Sarah Evers,Life Events & Transitions,general-mental-health,General Mental Health,life-transitions-and-change,Life Transitions,78,medium,exact_topic:general-mental-health via Chronic Illness & Disability (w=0.65)|demoted_missing_keyword_support|exact_topic:general-mental-health via Caregiver Stress (w=0.65)|demoted_missing_keyword_support|exact_topic:general-mental-health via Medical Trauma & Health Anxiety (w=0.45)|exact_topic:general-mental-health via Life Events & Transitions (w=0.7)|alias_keyword:Life Transitions,,none,complete,true,false,,,,true,2026-06-19,,
ff13c859-fa00-45a6-81d5-41677fa204cb,how-do-i-maintain-friendships-when-im-depressed,david-k-gore-phd,"Kenneth W. Christian, PhD",,,alex-crenshaw-phd,Dr. Alex Crenshaw,Couples,loneliness-and-belonging,Loneliness & Belonging,relationships-and-connection,Loneliness & Isolation,56,medium,exact_topic:loneliness-and-belonging via Couples (w=0.45)|parent_theme:relationships-and-connection via Couples,,none,complete,true,false,,,,true,2026-06-19,,
10da97d4-5d19-416f-8f07-76200c59e951,how-do-i-make-friends-as-an-adult-when-it-feels-impossible,david-k-gore-phd,"Kenneth W. Christian, PhD",,,laura-hilsen,Laura Hilsen,Relationship Issues,loneliness-and-belonging,Loneliness & Belonging,relationships-and-connection,Loneliness & Isolation,56,medium,exact_topic:loneliness-and-belonging via Relationship Issues (w=0.45)|parent_theme:relationships-and-connection via Relationship Issues|alt_topic:loneliness-and-belonging via Divorce (w=0.45)|alt_topic:loneliness-and-belonging via Infidelity (w=0.45),,none,complete,true,false,,,,true,2026-06-19,,
71de95b5-0238-4a2c-a1bc-b8728c22f31c,how-do-i-manage-stress-when-i-cant-change-my-situation,david-k-gore-phd,"Kenneth W. Christian, PhD",,,jackie-malone,Jackie Malone,Stress,general-mental-health,General Mental Health,life-transitions-and-change,General Mental Health,78,medium,exact_topic:general-mental-health via Anxiety (w=0.45)|alias_keyword:stress|exact_topic:general-mental-health via Body Image (w=0.55)|demoted_missing_keyword_support|exact_topic:general-mental-health via Life Transitions (w=0.7)|alt_topic:general-mental-health via Stress (w=0.45)|alias_keyword:stress,,none,complete,true,false,,,,true,2026-06-19,,
0cf60da1-84cb-4005-a0c5-7e9a354e9bd1,how-do-i-overcome-imposter-syndrome,david-k-gore-phd,"Kenneth W. Christian, PhD",,,lauren-sanders,Lauren Sanders,Life Transitions,general-mental-health,General Mental Health,life-transitions-and-change,General Mental Health,70,medium,exact_topic:general-mental-health via Anxiety (w=0.45)|exact_topic:general-mental-health via Body Dysmorphic Disorder (w=0.55)|demoted_missing_keyword_support|exact_topic:general-mental-health via Cancer (w=0.65)|demoted_missing_keyword_support|exact_topic:general-mental-health via Chronic Illness (w=0.65)|demoted_missing_keyword_support|parent_theme:life-transitions-and-change via Grief|exact_topic:general-mental-health via Life Transitions (w=0.7),,none,complete,true,false,,,,true,2026-06-19,,
ce46404f-e3af-4949-8960-d39275488e95,how-do-i-prepare-for-my-first-therapy-se-186032-047,david-k-gore-phd,"Kenneth W. Christian, PhD",,,alex-crenshaw-phd,Dr. Alex Crenshaw,Psychological Testing,therapy-and-care-navigation,Therapy & Care Navigation,care-and-therapy,Therapy Navigation,65,medium,parent_theme:care-and-therapy via Adult ADHD Testing|exact_topic:therapy-and-care-navigation via Psychological Testing (w=0.65)|tied_topic:therapy-and-care-navigation via Diagnostic Evaluation (w=0.65),,none,complete,true,false,,,,true,2026-06-19,,
5a20c1f9-c907-451b-be4b-2fb9ccf4a252,how-do-i-rebuild-emotional-intimacy-after-a-betrayal,david-k-gore-phd,"Kenneth W. Christian, PhD",,,jackie-malone,Jackie Malone,Life Transitions,general-mental-health,General Mental Health,life-transitions-and-change,General Mental Health,70,medium,exact_topic:general-mental-health via Anxiety (w=0.45)|exact_topic:general-mental-health via Body Image (w=0.55)|demoted_missing_keyword_support|exact_topic:general-mental-health via Life Transitions (w=0.7)|alt_topic:general-mental-health via Stress (w=0.45),,none,complete,true,false,,,,true,2026-06-19,,
b9f3b0be-4f7a-4294-af29-be6ad7f4a1d7,how-do-i-set-boundaries-to-reduce-stress,david-k-gore-phd,"Kenneth W. Christian, PhD",,,samantha-bryant,Samantha Bryant,Stress,general-mental-health,General Mental Health,life-transitions-and-change,General Mental Health,78,medium,exact_topic:general-mental-health via Anxiety (w=0.45)|alias_keyword:stress|exact_topic:general-mental-health via Body Image (w=0.55)|demoted_missing_keyword_support|parent_theme:life-transitions-and-change via Grief|exact_topic:general-mental-health via Life Transitions (w=0.7)|alt_topic:general-mental-health via Stress (w=0.45)|alias_keyword:stress,,none,complete,true,false,,,,true,2026-06-19,,
45df558b-917f-471b-9528-f21dd08fb53a,how-do-i-set-boundaries-with-someone-who-has-borderline-personality-disorder,david-k-gore-phd,"Kenneth W. Christian, PhD",,,jackie-malone,Jackie Malone,Life Transitions,general-mental-health,General Mental Health,life-transitions-and-change,General Mental Health,70,medium,exact_topic:general-mental-health via Anxiety (w=0.45)|exact_topic:general-mental-health via Body Image (w=0.55)|demoted_missing_keyword_support|exact_topic:general-mental-health via Life Transitions (w=0.7)|alt_topic:general-mental-health via Stress (w=0.45),,none,complete,true,false,,,,true,2026-06-19,,
a1ebaad0-988e-41e3-9c02-6207ac29c24d,how-do-i-start-practicing-mindfulness,david-k-gore-phd,"Kenneth W. Christian, PhD",,,samantha-bryant,Samantha Bryant,Life Transitions,general-mental-health,General Mental Health,life-transitions-and-change,General Mental Health,70,medium,exact_topic:general-mental-health via Anxiety (w=0.45)|exact_topic:general-mental-health via Body Image (w=0.55)|demoted_missing_keyword_support|parent_theme:life-transitions-and-change via Grief|exact_topic:general-mental-health via Life Transitions (w=0.7)|alt_topic:general-mental-health via Stress (w=0.45),,none,complete,true,false,,,,true,2026-06-19,,
762476ae-ab91-4adb-85ea-1878c8485a5c,how-do-i-stop-being-a-people-pleaser,david-k-gore-phd,"Kenneth W. Christian, PhD",,,liz-webb,Liz Webb,Life Transitions,general-mental-health,General Mental Health,life-transitions-and-change,General Mental Health,70,medium,exact_topic:general-mental-health via Anxiety (w=0.45)|exact_topic:general-mental-health via Life Transitions (w=0.7),,none,complete,true,false,,,,true,2026-06-19,,
7494aa17-37cd-4ad1-9ead-3e6bb1744e2d,how-do-i-stop-comparing-myself-to-others-on-177941-011,david-k-gore-phd,"Kenneth W. Christian, PhD",,,jackie-malone,Jackie Malone,Life Transitions,general-mental-health,General Mental Health,life-transitions-and-change,Social Media,70,medium,exact_topic:general-mental-health via Anxiety (w=0.45)|exact_topic:general-mental-health via Body Image (w=0.55)|demoted_missing_keyword_support|exact_topic:general-mental-health via Life Transitions (w=0.7)|alt_topic:general-mental-health via Stress (w=0.45),,none,complete,true,false,,,,true,2026-06-19,,
f4c9f6a1-5955-4a7b-aa0a-7390912366aa,how-do-i-stop-myself-from-saying-hurtful-things-wh-186602-002,david-k-gore-phd,"Kenneth W. Christian, PhD",,,lynn-lane,Lynn Lane,Life Transitions,general-mental-health,General Mental Health,life-transitions-and-change,Anger & Emotional Regulation,70,medium,exact_topic:general-mental-health via Anxiety (w=0.45)|parent_theme:life-transitions-and-change via Grief & Loss|exact_topic:general-mental-health via Life Transitions (w=0.7),,none,complete,true,false,,,,true,2026-06-19,,
8fac9054-a620-4046-ad91-f957f4b1303d,how-do-i-stop-overthinking-everything,david-k-gore-phd,"Kenneth W. Christian, PhD",,,jackie-malone,Jackie Malone,Life Transitions,general-mental-health,General Mental Health,life-transitions-and-change,General Mental Health,70,medium,exact_topic:general-mental-health via Anxiety (w=0.45)|exact_topic:general-mental-health via Body Image (w=0.55)|demoted_missing_keyword_support|exact_topic:general-mental-health via Life Transitions (w=0.7)|alt_topic:general-mental-health via Stress (w=0.45),,none,complete,true,false,,,,true,2026-06-19,,
62ee69b3-f28d-4f2b-bd0d-843216b1532f,how-do-i-stop-replaying-arguments-and-angry-moment-186602-008,david-k-gore-phd,"Kenneth W. Christian, PhD",,,lauren-sanders,Lauren Sanders,Life Transitions,general-mental-health,General Mental Health,life-transitions-and-change,Anger & Emotional Regulation,70,medium,exact_topic:general-mental-health via Anxiety (w=0.45)|exact_topic:general-mental-health via Body Dysmorphic Disorder (w=0.55)|demoted_missing_keyword_support|exact_topic:general-mental-health via Cancer (w=0.65)|demoted_missing_keyword_support|exact_topic:general-mental-health via Chronic Illness (w=0.65)|demoted_missing_keyword_support|parent_theme:life-transitions-and-change via Grief|exact_topic:general-mental-health via Life Transitions (w=0.7),,none,complete,true,false,,,,true,2026-06-19,,
7bb1627b-769b-4e45-9cc7-e2f91f023774,how-do-i-stop-ruminating-about-past-mist-177940-021,david-k-gore-phd,"Kenneth W. Christian, PhD",,,jackie-malone,Jackie Malone,Stress,general-mental-health,General Mental Health,life-transitions-and-change,Mental Health,78,medium,exact_topic:general-mental-health via Anxiety (w=0.45)|alias_keyword:stress|exact_topic:general-mental-health via Body Image (w=0.55)|demoted_missing_keyword_support|exact_topic:general-mental-health via Life Transitions (w=0.7)|alt_topic:general-mental-health via Stress (w=0.45)|alias_keyword:stress,,none,complete,true,false,,,,true,2026-06-19,,
4fc33b7d-9985-4c30-b287-b6205ff5ad8d,how-do-i-stop-seeking-validation-from-others,david-k-gore-phd,"Kenneth W. Christian, PhD",,,lauren-sanders,Lauren Sanders,Life Transitions,general-mental-health,General Mental Health,life-transitions-and-change,General Mental Health,70,medium,exact_topic:general-mental-health via Anxiety (w=0.45)|exact_topic:general-mental-health via Body Dysmorphic Disorder (w=0.55)|demoted_missing_keyword_support|exact_topic:general-mental-health via Cancer (w=0.65)|demoted_missing_keyword_support|exact_topic:general-mental-health via Chronic Illness (w=0.65)|demoted_missing_keyword_support|parent_theme:life-transitions-and-change via Grief|exact_topic:general-mental-health via Life Transitions (w=0.7),,none,complete,true,false,,,,true,2026-06-19,,
7437dd73-3378-4489-93f4-3c64f1d15f3f,how-do-i-support-a-friend-who-is-depressed-but-wont-seek-help,david-k-gore-phd,"Kenneth W. Christian, PhD",,,jackie-malone,Jackie Malone,Life Transitions,general-mental-health,General Mental Health,life-transitions-and-change,General Mental Health,70,medium,alias_keyword:recovery|alt_topic:general-mental-health via Anxiety (w=0.45)|exact_topic:general-mental-health via Body Image (w=0.55)|demoted_missing_keyword_support|alias_keyword:Depression|alias_keyword:recovery|exact_topic:general-mental-health via Life Transitions (w=0.7)|alt_topic:general-mental-health via Stress (w=0.45),,none,complete,true,false,,,,true,2026-06-19,,
84a3bb12-4e79-4702-afeb-e3ac5debea48,how-do-i-support-my-teen-through-social-media-dram-187459-005,david-k-gore-phd,"Kenneth W. Christian, PhD",,,jeannine-jannot,"Jeannine Jannot, Ph.D.",Parenting,teens-and-identity,Teens & Identity,family-and-parenting,Teen-Specific Questions,70,medium,exact_topic:teens-and-identity via School Issues (w=0.45)|exact_topic:teens-and-identity via Parenting (w=0.7)|tied_topic:teens-and-identity via Child (w=0.7)|alt_topic:teens-and-identity via Education and Learning Disabilities (w=0.45)|alt_topic:teens-and-identity via Executive Functioning (w=0.45)|alt_topic:teens-and-identity via Productivity Coaching (w=0.45),,none,complete,true,false,,,,true,2026-06-19,,
12af1636-4b2f-4160-987d-4d2f28ee5ad7,how-do-i-talk-to-my-teen-about-academic-pressure-a-187459-009,david-k-gore-phd,"Kenneth W. Christian, PhD",,,susan-keenan,Susan L. Keenan,Self Esteem,teens-and-identity,Teens & Identity,family-and-parenting,Teen-Specific Questions,78,medium,exact_topic:teens-and-identity via Family Conflict (w=0.7)|tied_topic:teens-and-identity via Parenting (w=0.7)|alias_keyword:perfectionism,,none,complete,true,false,,,,true,2026-06-19,,
b2586818-c80c-422a-b945-5446a5fc9553,how-do-i-talk-to-my-teen-about-depression-without--187459-003,david-k-gore-phd,"Kenneth W. Christian, PhD",,,jeannine-jannot,"Jeannine Jannot, Ph.D.",Parenting,teens-and-identity,Teens & Identity,family-and-parenting,Teen-Specific Questions,70,medium,exact_topic:teens-and-identity via School Issues (w=0.45)|exact_topic:teens-and-identity via Parenting (w=0.7)|tied_topic:teens-and-identity via Child (w=0.7)|alt_topic:teens-and-identity via Education and Learning Disabilities (w=0.45)|alt_topic:teens-and-identity via Executive Functioning (w=0.45)|alt_topic:teens-and-identity via Productivity Coaching (w=0.45),,none,complete,true,false,,,,true,2026-06-19,,
a60be08f-c0c7-4298-b5ab-0c9ce42acaac,how-do-i-tell-if-my-social-media-use-is--185387-016,david-k-gore-phd,"Kenneth W. Christian, PhD",,,meredith-price,Meredith Price,Family Conflict,teens-and-identity,Teens & Identity,family-and-parenting,Teens & Identity,70,medium,"parent_theme:family-and-parenting via Pregnancy, Prenatal, Postpartum|exact_topic:teens-and-identity via Family Conflict (w=0.7)|tied_topic:teens-and-identity via Parenting (w=0.7)|alt_topic:teens-and-identity via School Issues (w=0.45)","requires_keyword_support:Pregnancy, Prenatal, Postpartum|requires_keyword_support:Body Image",none,complete,true,false,,,,true,2026-06-19,,
ca3333c7-13ed-495f-8aaf-bb0571649e09,how-do-i-tell-my-family-im-going-to-treatment,david-k-gore-phd,"Kenneth W. Christian, PhD",,,alex-crenshaw-phd,Dr. Alex Crenshaw,Psychological Testing,therapy-and-care-navigation,Therapy & Care Navigation,care-and-therapy,Therapy & Mental Health,65,medium,parent_theme:care-and-therapy via Adult ADHD Testing|exact_topic:therapy-and-care-navigation via Psychological Testing (w=0.65)|tied_topic:therapy-and-care-navigation via Diagnostic Evaluation (w=0.65),,none,complete,true,false,,,,true,2026-06-19,,
4eb9ccd2-d05e-4177-9bf7-7c43ef80ad34,how-long-does-therapy-typically-take-186032-044,david-k-gore-phd,"Kenneth W. Christian, PhD",,,alex-crenshaw-phd,Dr. Alex Crenshaw,Psychological Testing,therapy-and-care-navigation,Therapy & Care Navigation,care-and-therapy,Therapy Navigation,65,medium,parent_theme:care-and-therapy via Adult ADHD Testing|exact_topic:therapy-and-care-navigation via Psychological Testing (w=0.65)|tied_topic:therapy-and-care-navigation via Diagnostic Evaluation (w=0.65),,none,complete,true,false,,,,true,2026-06-19,,
426a67cd-df90-4dd0-b153-6ceb0020d16b,how-to-know-if-ai-is-helping-therapy-or-replacing-it,david-k-gore-phd,"Kenneth W. Christian, PhD",,,alex-crenshaw-phd,Dr. Alex Crenshaw,Psychological Testing,therapy-and-care-navigation,Therapy & Care Navigation,care-and-therapy,Therapy Navigation,65,medium,parent_theme:care-and-therapy via Adult ADHD Testing|exact_topic:therapy-and-care-navigation via Psychological Testing (w=0.65)|tied_topic:therapy-and-care-navigation via Diagnostic Evaluation (w=0.65),,none,complete,true,false,,,,true,2026-06-19,,
510dce1e-0e0d-4d13-8c31-862273e821aa,how-to-know-if-teenager-is-too-attached-to-ai,david-k-gore-phd,"Kenneth W. Christian, PhD",,,susan-keenan,Susan L. Keenan,Family Conflict,teens-and-identity,Teens & Identity,family-and-parenting,Teen-Specific Questions,70,medium,exact_topic:teens-and-identity via Family Conflict (w=0.7)|tied_topic:teens-and-identity via Parenting (w=0.7),,none,complete,true,false,,,,true,2026-06-19,,
6ddee526-19c3-41d3-bd25-d26949b680b0,how-to-set-boundaries-with-ai-tools,david-k-gore-phd,"Kenneth W. Christian, PhD",,,lexi-cooper,Lexi Cooper,Life Transitions,general-mental-health,General Mental Health,life-transitions-and-change,General Mental Health,70,medium,exact_topic:general-mental-health via Anxiety (w=0.45)|exact_topic:general-mental-health via Life Transitions (w=0.7),,none,complete,true,false,,,,true,2026-06-19,,
31c3f339-73cc-4704-bb99-1ca3955bc2f8,how-to-talk-to-teenager-about-ai-relationships,david-k-gore-phd,"Kenneth W. Christian, PhD",,,jeannine-jannot,"Jeannine Jannot, Ph.D.",Parenting,teens-and-identity,Teens & Identity,family-and-parenting,Teen-Specific Questions,70,medium,exact_topic:teens-and-identity via School Issues (w=0.45)|exact_topic:teens-and-identity via Parenting (w=0.7)|tied_topic:teens-and-identity via Child (w=0.7)|alt_topic:teens-and-identity via Education and Learning Disabilities (w=0.45)|alt_topic:teens-and-identity via Executive Functioning (w=0.45)|alt_topic:teens-and-identity via Productivity Coaching (w=0.45),,none,complete,true,false,,,,true,2026-06-19,,
72a0b719-6e5d-4e96-b579-51dd3c4b68a2,im-having-thoughts-of-suicide---what-should-i-do-right-now,david-k-gore-phd,"Kenneth W. Christian, PhD",,,michaela-hilburn,Michaela Hilburn,Life Transitions,general-mental-health,General Mental Health,life-transitions-and-change,General Mental Health,70,medium,exact_topic:general-mental-health via Anxiety (w=0.45)|parent_theme:life-transitions-and-change via Grief and Loss|exact_topic:general-mental-health via Life Transitions (w=0.7),,none,complete,true,false,,,,true,2026-06-19,,
69a55c7a-b40a-4b6e-815f-25e60081252b,is-it-okay-to-self-diagnose-with-informa-185759-046,david-k-gore-phd,"Kenneth W. Christian, PhD",,,alex-crenshaw-phd,Dr. Alex Crenshaw,Psychological Testing,therapy-and-care-navigation,Therapy & Care Navigation,care-and-therapy,Therapy Navigation,65,medium,parent_theme:care-and-therapy via Adult ADHD Testing|exact_topic:therapy-and-care-navigation via Psychological Testing (w=0.65)|tied_topic:therapy-and-care-navigation via Diagnostic Evaluation (w=0.65),,none,complete,true,false,,,,true,2026-06-19,,
ddfb8676-7c1f-4694-bd0f-b648ec55ee9f,need-therapy-or-more-support-from-friends,david-k-gore-phd,"Kenneth W. Christian, PhD",,,lynn-lane,Lynn Lane,Life Transitions,general-mental-health,General Mental Health,life-transitions-and-change,General Mental Health,70,medium,exact_topic:general-mental-health via Anxiety (w=0.45)|parent_theme:life-transitions-and-change via Grief & Loss|exact_topic:general-mental-health via Life Transitions (w=0.7),,none,complete,true,false,,,,true,2026-06-19,,
0f22d2f7-c6bc-4948-83d2-e602c80294d3,rebuild-real-world-connection-after-relying-on-ai,david-k-gore-phd,"Kenneth W. Christian, PhD",,,samantha-bryant,Samantha Bryant,Codependency,loneliness-and-belonging,Loneliness & Belonging,relationships-and-connection,Loneliness & Isolation,56,medium,parent_theme:relationships-and-connection via Bisexual|exact_topic:loneliness-and-belonging via Codependency (w=0.45)|parent_theme:relationships-and-connection via Codependency|alt_topic:loneliness-and-belonging via Marital and Premarital (w=0.45),requires_keyword_support:Body Image,none,complete,true,false,,,,true,2026-06-19,,
b0ec04a2-1f07-438b-9694-dd37e901b7cf,should-i-tell-my-employer-about-going-to-treatment,david-k-gore-phd,"Kenneth W. Christian, PhD",,,alex-crenshaw-phd,Dr. Alex Crenshaw,Psychological Testing,therapy-and-care-navigation,Therapy & Care Navigation,care-and-therapy,Therapy & Mental Health,65,medium,parent_theme:care-and-therapy via Adult ADHD Testing|exact_topic:therapy-and-care-navigation via Psychological Testing (w=0.65)|tied_topic:therapy-and-care-navigation via Diagnostic Evaluation (w=0.65),,none,complete,true,false,,,,true,2026-06-19,,
2c9ae41d-48f9-43f1-8af0-a401c1eb830f,should-i-tell-my-therapist-everything-186032-046,david-k-gore-phd,"Kenneth W. Christian, PhD",,,alex-crenshaw-phd,Dr. Alex Crenshaw,Psychological Testing,therapy-and-care-navigation,Therapy & Care Navigation,care-and-therapy,Therapy Navigation,65,medium,parent_theme:care-and-therapy via Adult ADHD Testing|exact_topic:therapy-and-care-navigation via Psychological Testing (w=0.65)|tied_topic:therapy-and-care-navigation via Diagnostic Evaluation (w=0.65),,none,complete,true,false,,,,true,2026-06-19,,
4933c4cb-3dab-4fe1-bb5c-e6d1dd086c41,should-i-tell-my-therapist-how-much-i-use-ai,david-k-gore-phd,"Kenneth W. Christian, PhD",,,alex-crenshaw-phd,Dr. Alex Crenshaw,Psychological Testing,therapy-and-care-navigation,Therapy & Care Navigation,care-and-therapy,Therapy Navigation,65,medium,parent_theme:care-and-therapy via Adult ADHD Testing|exact_topic:therapy-and-care-navigation via Psychological Testing (w=0.65)|tied_topic:therapy-and-care-navigation via Diagnostic Evaluation (w=0.65),,none,complete,true,false,,,,true,2026-06-19,,
34a9b274-f36d-4674-88a9-a39e94378ba0,should-parents-limit-ai-companion-use-for-teens,david-k-gore-phd,"Kenneth W. Christian, PhD",,,susan-keenan,Susan L. Keenan,Family Conflict,teens-and-identity,Teens & Identity,family-and-parenting,Teen-Specific Questions,70,medium,exact_topic:teens-and-identity via Family Conflict (w=0.7)|tied_topic:teens-and-identity via Parenting (w=0.7),,none,complete,true,false,,,,true,2026-06-19,,
86143b60-7204-4dae-9389-1cc055129eb9,take-a-break-from-ai-without-feeling-abandoned,david-k-gore-phd,"Kenneth W. Christian, PhD",,,samantha-bryant,Samantha Bryant,Codependency,loneliness-and-belonging,Loneliness & Belonging,relationships-and-connection,Loneliness & Isolation,56,medium,alias_keyword:stress|alt_topic:loneliness-and-belonging via Codependency (w=0.45)|parent_theme:relationships-and-connection via Codependency|alt_topic:loneliness-and-belonging via Marital and Premarital (w=0.45),,none,complete,true,false,,,,true,2026-06-19,,
0abb94ef-b473-48c1-af40-68d4632138c8,warning-signs-ai-use-is-hurting-my-mental-health,david-k-gore-phd,"Kenneth W. Christian, PhD",,,laura-hilsen,Laura Hilsen,Life Transitions,general-mental-health,General Mental Health,life-transitions-and-change,General Mental Health,70,medium,exact_topic:general-mental-health via Anxiety (w=0.45)|exact_topic:general-mental-health via Life Transitions (w=0.7),,none,complete,true,false,,,,true,2026-06-19,,
86f3fde7-5b9e-4e91-994c-88edc63bb3e0,what-are-body-scan-meditations-and-how-do-they-help,david-k-gore-phd,"Kenneth W. Christian, PhD",,,meredith-price,Meredith Price,Stress,general-mental-health,General Mental Health,life-transitions-and-change,General Mental Health,78,medium,exact_topic:general-mental-health via Anxiety (w=0.45)|alias_keyword:stress|exact_topic:general-mental-health via Body Image (w=0.55)|demoted_missing_keyword_support|parent_theme:life-transitions-and-change via Grief|exact_topic:general-mental-health via Life Transitions (w=0.7)|alt_topic:general-mental-health via Stress (w=0.45)|alias_keyword:stress,"requires_keyword_support:Pregnancy, Prenatal, Postpartum|requires_keyword_support:Infertility",none,complete,true,false,,,,true,2026-06-19,,
e2062f48-19b0-41b3-a5e5-6b0efdc799f1,what-are-some-simple-relaxation-techniques-i-can-do-anywhere,david-k-gore-phd,"Kenneth W. Christian, PhD",,,jackie-malone,Jackie Malone,Stress,general-mental-health,General Mental Health,life-transitions-and-change,General Mental Health,78,medium,exact_topic:general-mental-health via Anxiety (w=0.45)|alias_keyword:stress|exact_topic:general-mental-health via Body Image (w=0.55)|demoted_missing_keyword_support|exact_topic:general-mental-health via Life Transitions (w=0.7)|alt_topic:general-mental-health via Stress (w=0.45)|alias_keyword:stress,,none,complete,true,false,,,,true,2026-06-19,,
5b4dc2bd-7445-441f-948d-e47415368526,what-are-the-signs-of-borderline-personality-disorder,david-k-gore-phd,"Kenneth W. Christian, PhD",,,meredith-price,Meredith Price,Stress,general-mental-health,General Mental Health,life-transitions-and-change,General Mental Health,78,medium,exact_topic:general-mental-health via Anxiety (w=0.45)|alias_keyword:stress|exact_topic:general-mental-health via Body Image (w=0.55)|demoted_missing_keyword_support|parent_theme:life-transitions-and-change via Grief|exact_topic:general-mental-health via Life Transitions (w=0.7)|alt_topic:general-mental-health via Stress (w=0.45)|alias_keyword:stress,"requires_keyword_support:Pregnancy, Prenatal, Postpartum|requires_keyword_support:Infertility",none,complete,true,false,,,,true,2026-06-19,,
8254311a-a711-4a7c-989a-c9d54b3056ec,what-are-the-signs-that-my-child-needs-counseling-after-divorce,david-k-gore-phd,"Kenneth W. Christian, PhD",,,alex-crenshaw-phd,Dr. Alex Crenshaw,Psychological Testing,therapy-and-care-navigation,Therapy & Care Navigation,care-and-therapy,Therapy & Mental Health,65,medium,alias_keyword:divorce|exact_topic:therapy-and-care-navigation via Psychological Testing (w=0.65)|tied_topic:therapy-and-care-navigation via Diagnostic Evaluation (w=0.65),,none,complete,true,false,,,,true,2026-06-19,,
042d9590-19d9-4fa8-a58a-9a85cba40ea2,what-does-it-mean-to-take-care-of-your-mental-health,david-k-gore-phd,"Kenneth W. Christian, PhD",,,lynn-lane,Lynn Lane,Life Transitions,general-mental-health,General Mental Health,life-transitions-and-change,General Mental Health,70,medium,exact_topic:general-mental-health via Anxiety (w=0.45)|parent_theme:life-transitions-and-change via Grief & Loss|exact_topic:general-mental-health via Life Transitions (w=0.7),,none,complete,true,false,,,,true,2026-06-19,,
be0e0311-efe4-4a74-b4b4-137027462670,what-do-i-do-if-i-think-i-have-depressio-186032-018,david-k-gore-phd,"Kenneth W. Christian, PhD",,,lauren-sanders,Lauren Sanders,Parenting,teens-and-identity,Teens & Identity,family-and-parenting,Teens & Identity,70,medium,exact_topic:teens-and-identity via Parenting (w=0.7)|tied_topic:teens-and-identity via Child (w=0.7),,none,complete,true,false,,,,true,2026-06-19,,
702fddc2-fa33-4f11-848f-692d726987ec,what-do-i-do-when-i-cant-afford-therapy-177940-020,david-k-gore-phd,"Kenneth W. Christian, PhD",,,alex-crenshaw-phd,Dr. Alex Crenshaw,Psychological Testing,therapy-and-care-navigation,Therapy & Care Navigation,care-and-therapy,Mental Health Access,65,medium,parent_theme:care-and-therapy via Adult ADHD Testing|exact_topic:therapy-and-care-navigation via Psychological Testing (w=0.65)|tied_topic:therapy-and-care-navigation via Diagnostic Evaluation (w=0.65),,none,complete,true,false,,,,true,2026-06-19,,
25ca7e2a-3ca1-4981-b996-f2daa7711a42,what-do-i-do-when-i-cant-stop-crying-177941-004,david-k-gore-phd,"Kenneth W. Christian, PhD",,,meredith-price,Meredith Price,Stress,general-mental-health,General Mental Health,life-transitions-and-change,Emotional Regulation,78,medium,alias_keyword:Depression|alt_topic:general-mental-health via Anxiety (w=0.45)|exact_topic:general-mental-health via Body Image (w=0.55)|demoted_missing_keyword_support|parent_theme:life-transitions-and-change via Grief|alias_keyword:Grief|exact_topic:general-mental-health via Life Transitions (w=0.7)|alt_topic:general-mental-health via Stress (w=0.45)|alias_keyword:Anxiety,"requires_keyword_support:Pregnancy, Prenatal, Postpartum",none,complete,true,false,,,,true,2026-06-19,,
fd1f9f6d-bd16-4bab-b56b-8f3931be6822,what-do-i-do-when-i-feel-like-i-dont-fit-in-177941-024,david-k-gore-phd,"Kenneth W. Christian, PhD",,,sarah-evers,Sarah Evers,Building Healthy Relationships,loneliness-and-belonging,Loneliness & Belonging,relationships-and-connection,Social Belonging,56,medium,exact_topic:loneliness-and-belonging via Building Healthy Relationships (w=0.45)|parent_theme:relationships-and-connection via Building Healthy Relationships,requires_keyword_support:Chronic Illness & Disability|requires_keyword_support:Caregiver Stress|requires_keyword_support:Motherhood|requires_keyword_support:Reproductive Mental Health,none,complete,true,false,,,,true,2026-06-19,,
1634696c-9082-41a7-b190-c9dfbf5e899d,what-if-ai-chatbot-says-i-have-a-special-mission,david-k-gore-phd,"Kenneth W. Christian, PhD",,,michaela-hilburn,Michaela Hilburn,Life Transitions,general-mental-health,General Mental Health,life-transitions-and-change,General Mental Health,70,medium,exact_topic:general-mental-health via Anxiety (w=0.45)|parent_theme:life-transitions-and-change via Grief and Loss|exact_topic:general-mental-health via Life Transitions (w=0.7),,none,complete,true,false,,,,true,2026-06-19,,
78f168aa-6421-4582-8881-66ebc8ef1a6e,what-if-i-dont-like-my-therapist-185759-047,david-k-gore-phd,"Kenneth W. Christian, PhD",,,alex-crenshaw-phd,Dr. Alex Crenshaw,Psychological Testing,therapy-and-care-navigation,Therapy & Care Navigation,care-and-therapy,Therapy Navigation,65,medium,parent_theme:care-and-therapy via Adult ADHD Testing|exact_topic:therapy-and-care-navigation via Psychological Testing (w=0.65)|tied_topic:therapy-and-care-navigation via Diagnostic Evaluation (w=0.65),,none,complete,true,false,,,,true,2026-06-19,,
26b682ea-6856-4fd6-b42b-7ff26685aa48,what-if-i-think-an-ai-chatbot-is-sentient,david-k-gore-phd,"Kenneth W. Christian, PhD",,,liz-webb,Liz Webb,Life Transitions,general-mental-health,General Mental Health,life-transitions-and-change,General Mental Health,70,medium,exact_topic:general-mental-health via Anxiety (w=0.45)|exact_topic:general-mental-health via Life Transitions (w=0.7),,none,complete,true,false,,,,true,2026-06-19,,
4939a867-f3de-4bca-bfa3-3363e97c8b9f,what-is-ai-psychosis-and-is-it-a-real-diagnosis,david-k-gore-phd,"Kenneth W. Christian, PhD",,,lexi-cooper,Lexi Cooper,Life Transitions,general-mental-health,General Mental Health,life-transitions-and-change,General Mental Health,70,medium,exact_topic:general-mental-health via Anxiety (w=0.45)|exact_topic:general-mental-health via Life Transitions (w=0.7),,none,complete,true,false,,,,true,2026-06-19,,
4e1b1f9d-5c57-4a97-a497-eb6ee8fafacc,what-is-dependent-personality-disorder-and-how-is-it-different-from-being-needy,david-k-gore-phd,"Kenneth W. Christian, PhD",,,meredith-price,Meredith Price,Life Transitions,general-mental-health,General Mental Health,life-transitions-and-change,General Mental Health,70,medium,exact_topic:general-mental-health via Anxiety (w=0.45)|exact_topic:general-mental-health via Body Image (w=0.55)|demoted_missing_keyword_support|parent_theme:life-transitions-and-change via Grief|exact_topic:general-mental-health via Life Transitions (w=0.7)|alt_topic:general-mental-health via Stress (w=0.45),"requires_keyword_support:Pregnancy, Prenatal, Postpartum|requires_keyword_support:Infertility",none,complete,true,false,,,,true,2026-06-19,,
85794365-761e-47f6-b6be-af395fddf0be,what-is-histrionic-personality-disorder-and-how-is-it-treated,david-k-gore-phd,"Kenneth W. Christian, PhD",,,lexi-cooper,Lexi Cooper,Life Transitions,general-mental-health,General Mental Health,life-transitions-and-change,General Mental Health,70,medium,exact_topic:general-mental-health via Anxiety (w=0.45)|exact_topic:general-mental-health via Life Transitions (w=0.7),,none,complete,true,false,,,,true,2026-06-19,,
6d62d965-b609-4440-a6a5-f220cb81a18d,what-is-progressive-muscle-relaxation-and-how-do-i-do-it,david-k-gore-phd,"Kenneth W. Christian, PhD",,,jackie-malone,Jackie Malone,Stress,general-mental-health,General Mental Health,life-transitions-and-change,General Mental Health,78,medium,exact_topic:general-mental-health via Anxiety (w=0.45)|alias_keyword:Anxiety|exact_topic:general-mental-health via Body Image (w=0.55)|demoted_missing_keyword_support|exact_topic:general-mental-health via Life Transitions (w=0.7)|alt_topic:general-mental-health via Stress (w=0.45)|alias_keyword:Anxiety,,none,complete,true,false,,,,true,2026-06-19,,
dff339f7-efc4-4624-8043-0e8584a7ee29,what-is-the-difference-between-mindfulness-and-meditation,david-k-gore-phd,"Kenneth W. Christian, PhD",,,michaela-hilburn,Michaela Hilburn,Life Transitions,general-mental-health,General Mental Health,life-transitions-and-change,General Mental Health,70,medium,exact_topic:general-mental-health via Anxiety (w=0.45)|parent_theme:life-transitions-and-change via Grief and Loss|exact_topic:general-mental-health via Life Transitions (w=0.7),,none,complete,true,false,,,,true,2026-06-19,,
b967c16c-3117-4343-9a59-93fafde76ad0,what-should-i-do-if-i-feel-like-my-skills-are-becoming-obsolete,david-k-gore-phd,"Kenneth W. Christian, PhD",,,jackie-malone,Jackie Malone,Stress,general-mental-health,General Mental Health,life-transitions-and-change,General Mental Health,78,medium,exact_topic:general-mental-health via Anxiety (w=0.45)|alias_keyword:Anxiety|exact_topic:general-mental-health via Body Image (w=0.55)|demoted_missing_keyword_support|exact_topic:general-mental-health via Life Transitions (w=0.7)|alt_topic:general-mental-health via Stress (w=0.45)|alias_keyword:Anxiety,,none,complete,true,false,,,,true,2026-06-19,,
35ce4d44-f382-4b09-9f99-aa50a7cfa667,what-should-i-do-if-i-feel-overwhelmed-by-information-and-constant-connectivity,david-k-gore-phd,"Kenneth W. Christian, PhD",,,lexi-cooper,Lexi Cooper,Life Transitions,general-mental-health,General Mental Health,life-transitions-and-change,General Mental Health,70,medium,exact_topic:general-mental-health via Anxiety (w=0.45)|exact_topic:general-mental-health via Life Transitions (w=0.7),,none,complete,true,false,,,,true,2026-06-19,,
4dba34a6-69e1-4845-b963-906edfd8ac65,what-should-i-do-if-im-being-pressured-t-186032-014,david-k-gore-phd,"Kenneth W. Christian, PhD",,,lauren-sanders,Lauren Sanders,Parenting,teens-and-identity,Teens & Identity,family-and-parenting,Teens & Identity,70,medium,exact_topic:teens-and-identity via Parenting (w=0.7)|tied_topic:teens-and-identity via Child (w=0.7),,none,complete,true,false,,,,true,2026-06-19,,
29bc882e-efce-4c81-be42-85f359691064,what-should-i-do-if-im-having-suicidal-thoughts,david-k-gore-phd,"Kenneth W. Christian, PhD",,,laura-hilsen,Laura Hilsen,Life Transitions,general-mental-health,General Mental Health,life-transitions-and-change,General Mental Health,70,medium,exact_topic:general-mental-health via Anxiety (w=0.45)|exact_topic:general-mental-health via Life Transitions (w=0.7),,none,complete,true,false,,,,true,2026-06-19,,
5720586b-4ceb-493b-a702-473938d11213,what-should-i-do-if-im-having-thoughts-of-suicide,david-k-gore-phd,"Kenneth W. Christian, PhD",,,sarah-evers,Sarah Evers,Life Events & Transitions,general-mental-health,General Mental Health,life-transitions-and-change,General Mental Health,70,medium,exact_topic:general-mental-health via Chronic Illness & Disability (w=0.65)|demoted_missing_keyword_support|exact_topic:general-mental-health via Caregiver Stress (w=0.65)|demoted_missing_keyword_support|exact_topic:general-mental-health via Medical Trauma & Health Anxiety (w=0.45)|exact_topic:general-mental-health via Life Events & Transitions (w=0.7),,none,complete,true,false,,,,true,2026-06-19,,
ebcd909a-7df4-49b9-ae47-011ce58c0eb2,what-should-i-do-if-i-think-im-being-bul-185387-017,david-k-gore-phd,"Kenneth W. Christian, PhD",,,meredith-price,Meredith Price,Family Conflict,teens-and-identity,Teens & Identity,family-and-parenting,Teens & Identity,70,medium,"parent_theme:family-and-parenting via Pregnancy, Prenatal, Postpartum|exact_topic:teens-and-identity via Family Conflict (w=0.7)|tied_topic:teens-and-identity via Parenting (w=0.7)|alt_topic:teens-and-identity via School Issues (w=0.45)","requires_keyword_support:Pregnancy, Prenatal, Postpartum|requires_keyword_support:Body Image",none,complete,true,false,,,,true,2026-06-19,,
53e97672-edeb-4af7-a4f5-759f5d8f2506,what-should-i-do-if-my-loved-one-refuses-treatment,david-k-gore-phd,"Kenneth W. Christian, PhD",,,alex-crenshaw-phd,Dr. Alex Crenshaw,Psychological Testing,therapy-and-care-navigation,Therapy & Care Navigation,care-and-therapy,Therapy & Mental Health,65,medium,parent_theme:care-and-therapy via Adult ADHD Testing|exact_topic:therapy-and-care-navigation via Psychological Testing (w=0.65)|tied_topic:therapy-and-care-navigation via Diagnostic Evaluation (w=0.65),,none,complete,true,false,,,,true,2026-06-19,,
9b525ebb-44bd-4483-880e-aaa6246b4c09,what-should-i-do-if-my-teenager-is-experimenting-w-187459-006,david-k-gore-phd,"Kenneth W. Christian, PhD",,,kelsey-donahue,Kelsey Madsen (Donahue),Child,teens-and-identity,Teens & Identity,family-and-parenting,Teen-Specific Questions,70,medium,exact_topic:teens-and-identity via Child (w=0.7)|tied_topic:teens-and-identity via Family Conflict (w=0.7)|tied_topic:teens-and-identity via Parenting (w=0.7)|alt_topic:teens-and-identity via School Issues (w=0.45),requires_keyword_support:Eating Disorders,none,complete,true,false,,,,true,2026-06-19,,
2263f362-91b8-4013-be00-25a9296fe13c,what-should-i-do-if-someone-is-giving-me-the-silent-treatment,david-k-gore-phd,"Kenneth W. Christian, PhD",,,alex-crenshaw-phd,Dr. Alex Crenshaw,Psychological Testing,therapy-and-care-navigation,Therapy & Care Navigation,care-and-therapy,Therapy & Mental Health,65,medium,parent_theme:care-and-therapy via Adult ADHD Testing|exact_topic:therapy-and-care-navigation via Psychological Testing (w=0.65)|tied_topic:therapy-and-care-navigation via Diagnostic Evaluation (w=0.65),,none,complete,true,false,,,,true,2026-06-19,,
d0d92fce-629b-450c-a4d8-06c92b3752f4,what-should-i-do-when-i-feel-like-i-cant-handle-stress-anymore,david-k-gore-phd,"Kenneth W. Christian, PhD",,,meredith-price,Meredith Price,Stress,general-mental-health,General Mental Health,life-transitions-and-change,General Mental Health,78,medium,exact_topic:general-mental-health via Anxiety (w=0.45)|alias_keyword:stress|exact_topic:general-mental-health via Body Image (w=0.55)|demoted_missing_keyword_support|parent_theme:life-transitions-and-change via Grief|exact_topic:general-mental-health via Life Transitions (w=0.7)|alt_topic:general-mental-health via Stress (w=0.45)|alias_keyword:stress,"requires_keyword_support:Pregnancy, Prenatal, Postpartum|requires_keyword_support:Infertility",none,complete,true,false,,,,true,2026-06-19,,
8b4e1063-b358-4b19-93ff-b8cb8d229e38,what-should-i-do-when-i-feel-like-i-dont-know-who-i-am-anymore,david-k-gore-phd,"Kenneth W. Christian, PhD",,,sarah-evers,Sarah Evers,Grief & Loss,general-mental-health,General Mental Health,life-transitions-and-change,General Mental Health,78,medium,exact_topic:general-mental-health via Chronic Illness & Disability (w=0.65)|demoted_missing_keyword_support|exact_topic:general-mental-health via Caregiver Stress (w=0.65)|demoted_missing_keyword_support|exact_topic:general-mental-health via Medical Trauma & Health Anxiety (w=0.45)|exact_topic:general-mental-health via Life Events & Transitions (w=0.7)|alias_keyword:loss,,none,complete,true,false,,,,true,2026-06-19,,
081a7fd9-bb0a-4f75-a55d-963ecf06efa3,what-should-i-expect-if-my-loved-one-goes-to-treatment,david-k-gore-phd,"Kenneth W. Christian, PhD",,,alex-crenshaw-phd,Dr. Alex Crenshaw,Psychological Testing,therapy-and-care-navigation,Therapy & Care Navigation,care-and-therapy,Therapy & Mental Health,65,medium,parent_theme:care-and-therapy via Adult ADHD Testing|exact_topic:therapy-and-care-navigation via Psychological Testing (w=0.65)|tied_topic:therapy-and-care-navigation via Diagnostic Evaluation (w=0.65),,none,complete,true,false,,,,true,2026-06-19,,
681747c2-9fcd-4d4c-b125-44a6752e4dae,whats-the-difference-between-a-psycholog-186032-045,david-k-gore-phd,"Kenneth W. Christian, PhD",,,alex-crenshaw-phd,Dr. Alex Crenshaw,Psychological Testing,therapy-and-care-navigation,Therapy & Care Navigation,care-and-therapy,Therapy Navigation,65,medium,parent_theme:care-and-therapy via Adult ADHD Testing|exact_topic:therapy-and-care-navigation via Psychological Testing (w=0.65)|tied_topic:therapy-and-care-navigation via Diagnostic Evaluation (w=0.65),,none,complete,true,false,,,,true,2026-06-19,,
076b4b79-7750-4f55-be64-2202513acc6c,whats-the-difference-between-a-sponsor-and-a-therapist,david-k-gore-phd,"Kenneth W. Christian, PhD",,,alex-crenshaw-phd,Dr. Alex Crenshaw,Psychological Testing,therapy-and-care-navigation,Therapy & Care Navigation,care-and-therapy,Therapy & Mental Health,65,medium,parent_theme:care-and-therapy via Adult ADHD Testing|exact_topic:therapy-and-care-navigation via Psychological Testing (w=0.65)|tied_topic:therapy-and-care-navigation via Diagnostic Evaluation (w=0.65),,none,complete,true,false,,,,true,2026-06-19,,
e4641b6b-2ed1-4691-b4cf-5c29c45a4f82,whats-the-difference-between-being-shy-and-having-avoidant-personality-disorder,david-k-gore-phd,"Kenneth W. Christian, PhD",,,michaela-hilburn,Michaela Hilburn,Life Transitions,general-mental-health,General Mental Health,life-transitions-and-change,General Mental Health,70,medium,exact_topic:general-mental-health via Anxiety (w=0.45)|parent_theme:life-transitions-and-change via Grief and Loss|exact_topic:general-mental-health via Life Transitions (w=0.7),,none,complete,true,false,,,,true,2026-06-19,,
0a756a7a-378b-466f-a2e6-d377f6681cbe,whats-the-difference-between-feeling-sad-and-being-clinically-depressed,david-k-gore-phd,"Kenneth W. Christian, PhD",,,lexi-cooper,Lexi Cooper,Life Transitions,general-mental-health,General Mental Health,life-transitions-and-change,General Mental Health,70,medium,exact_topic:general-mental-health via Anxiety (w=0.45)|alias_keyword:Depression|exact_topic:general-mental-health via Life Transitions (w=0.7),,none,complete,true,false,,,,true,2026-06-19,,
686794d6-e23b-471d-ad26-231164dc9f19,whats-the-difference-between-inpatient-and-outpatient-treatment,david-k-gore-phd,"Kenneth W. Christian, PhD",,,alex-crenshaw-phd,Dr. Alex Crenshaw,Psychological Testing,therapy-and-care-navigation,Therapy & Care Navigation,care-and-therapy,Therapy & Mental Health,65,medium,parent_theme:care-and-therapy via Adult ADHD Testing|exact_topic:therapy-and-care-navigation via Psychological Testing (w=0.65)|tied_topic:therapy-and-care-navigation via Diagnostic Evaluation (w=0.65),,none,complete,true,false,,,,true,2026-06-19,,
434a9399-07d5-4415-92f8-1f7a566be552,whats-the-difference-between-narcissistic-personality-disorder-and-just-being-self-centered,david-k-gore-phd,"Kenneth W. Christian, PhD",,,lynn-lane,Lynn Lane,Life Transitions,general-mental-health,General Mental Health,life-transitions-and-change,General Mental Health,70,medium,exact_topic:general-mental-health via Anxiety (w=0.45)|parent_theme:life-transitions-and-change via Grief & Loss|exact_topic:general-mental-health via Life Transitions (w=0.7),,none,complete,true,false,,,,true,2026-06-19,,
6567e82c-9fcd-4f1e-8001-9008ef273e38,whats-the-difference-between-therapy-typ-185387-025,david-k-gore-phd,"Kenneth W. Christian, PhD",,,alex-crenshaw-phd,Dr. Alex Crenshaw,Psychological Testing,therapy-and-care-navigation,Therapy & Care Navigation,care-and-therapy,Therapy Navigation,65,medium,parent_theme:care-and-therapy via Adult ADHD Testing|exact_topic:therapy-and-care-navigation via Psychological Testing (w=0.65)|tied_topic:therapy-and-care-navigation via Diagnostic Evaluation (w=0.65),,none,complete,true,false,,,,true,2026-06-19,,
d890589f-d823-48c1-b8a4-ce97a007d14f,what-to-do-if-i-feel-different-from-everyone-at-school,david-k-gore-phd,"Kenneth W. Christian, PhD",,,kelsey-donahue,Kelsey Madsen (Donahue),Child,teens-and-identity,Teens & Identity,family-and-parenting,Teens & Identity,70,medium,exact_topic:teens-and-identity via Child (w=0.7)|tied_topic:teens-and-identity via Family Conflict (w=0.7)|tied_topic:teens-and-identity via Parenting (w=0.7)|alt_topic:teens-and-identity via School Issues (w=0.45),requires_keyword_support:Eating Disorders,none,complete,true,false,,,,true,2026-06-27,,
7cc17ad3-adfa-4815-a2ed-4cb4d8558b01,what-to-do-if-i-have-no-one-to-talk-to,david-k-gore-phd,"Kenneth W. Christian, PhD",,,samantha-bryant,Samantha Bryant,Codependency,loneliness-and-belonging,Loneliness & Belonging,relationships-and-connection,Loneliness & Isolation,56,medium,parent_theme:relationships-and-connection via Bisexual|exact_topic:loneliness-and-belonging via Codependency (w=0.45)|parent_theme:relationships-and-connection via Codependency|alt_topic:loneliness-and-belonging via Marital and Premarital (w=0.45),requires_keyword_support:Body Image,none,complete,true,false,,,,true,2026-06-27,,
3535038e-d7c2-4650-8fc6-f018cd76c39b,when-are-ai-related-beliefs-a-mental-health-emergency,david-k-gore-phd,"Kenneth W. Christian, PhD",,,samantha-bryant,Samantha Bryant,Life Transitions,general-mental-health,General Mental Health,life-transitions-and-change,General Mental Health,70,medium,exact_topic:general-mental-health via Anxiety (w=0.45)|exact_topic:general-mental-health via Body Image (w=0.55)|demoted_missing_keyword_support|parent_theme:life-transitions-and-change via Grief|exact_topic:general-mental-health via Life Transitions (w=0.7)|alt_topic:general-mental-health via Stress (w=0.45),,none,complete,true,false,,,,true,2026-06-19,,
6ef9469b-db6f-4c5c-951f-ea886fef5278,when-should-i-stop-using-ai-and-talk-to-a-real-person,david-k-gore-phd,"Kenneth W. Christian, PhD",,,alex-crenshaw-phd,Dr. Alex Crenshaw,Psychological Testing,therapy-and-care-navigation,Therapy & Care Navigation,care-and-therapy,Therapy Navigation,65,medium,parent_theme:care-and-therapy via Adult ADHD Testing|exact_topic:therapy-and-care-navigation via Psychological Testing (w=0.65)|tied_topic:therapy-and-care-navigation via Diagnostic Evaluation (w=0.65),,none,complete,true,false,,,,true,2026-06-19,,
17b0e8de-eeaa-4d69-9bac-0a42dc98e2d4,when-should-i-talk-to-someone-about-my-mental-health,david-k-gore-phd,"Kenneth W. Christian, PhD",,,meredith-price,Meredith Price,Life Transitions,general-mental-health,General Mental Health,life-transitions-and-change,General Mental Health,70,medium,exact_topic:general-mental-health via Anxiety (w=0.45)|exact_topic:general-mental-health via Body Image (w=0.55)|demoted_missing_keyword_support|parent_theme:life-transitions-and-change via Grief|exact_topic:general-mental-health via Life Transitions (w=0.7)|alt_topic:general-mental-health via Stress (w=0.45),"requires_keyword_support:Pregnancy, Prenatal, Postpartum|requires_keyword_support:Infertility",none,complete,true,false,,,,true,2026-06-19,,
b88a3917-dce4-4820-a740-707a7835144b,why-ai-companion-feels-more-comforting-than-real-people,david-k-gore-phd,"Kenneth W. Christian, PhD",,,lynn-lane,Lynn Lane,Relationship Counseling,loneliness-and-belonging,Loneliness & Belonging,relationships-and-connection,Loneliness & Isolation,56,medium,exact_topic:loneliness-and-belonging via Relationship Counseling (w=0.45)|parent_theme:relationships-and-connection via Relationship Counseling,,none,complete,true,false,,,,true,2026-06-19,,
7644ec1a-fc69-4fb2-a1c1-60953096dfc3,why-does-my-teenager-seem-to-hate-spending-time-wi-187459-008,david-k-gore-phd,"Kenneth W. Christian, PhD",,,lauren-sanders,Lauren Sanders,Grief,teens-and-identity,Teens & Identity,family-and-parenting,Teen-Specific Questions,78,medium,exact_topic:teens-and-identity via Parenting (w=0.7)|tied_topic:teens-and-identity via Child (w=0.7)|alias_keyword:loss,,none,complete,true,false,,,,true,2026-06-19,,
82bc0af7-b994-4a77-8148-9d17c3860168,why-does-social-media-make-me-feel-worse-about-myself,david-k-gore-phd,"Kenneth W. Christian, PhD",,,kelsey-donahue,Kelsey Madsen (Donahue),Self Esteem,teens-and-identity,Teens & Identity,family-and-parenting,Teens & Identity,78,medium,exact_topic:teens-and-identity via Child (w=0.7)|tied_topic:teens-and-identity via Family Conflict (w=0.7)|tied_topic:teens-and-identity via Parenting (w=0.7)|alt_topic:teens-and-identity via School Issues (w=0.45)|alias_keyword:Self Esteem,requires_keyword_support:Eating Disorders,none,complete,true,false,,,,true,2026-06-27,,
5e4db9a7-353b-4c91-8421-ea0a347476c0,why-do-i-constantly-compare-myself-to-others,david-k-gore-phd,"Kenneth W. Christian, PhD",,,jackie-malone,Jackie Malone,Stress,general-mental-health,General Mental Health,life-transitions-and-change,General Mental Health,78,medium,exact_topic:general-mental-health via Anxiety (w=0.45)|alias_keyword:stress|exact_topic:general-mental-health via Body Image (w=0.55)|demoted_missing_keyword_support|exact_topic:general-mental-health via Life Transitions (w=0.7)|alt_topic:general-mental-health via Stress (w=0.45)|alias_keyword:stress,,none,complete,true,false,,,,true,2026-06-19,,
22d72845-5534-4f53-b78a-1fb54eb32cb4,why-do-i-feel-angry-all-the-time-lately-177940-006,david-k-gore-phd,"Kenneth W. Christian, PhD",,,jackie-malone,Jackie Malone,Stress,general-mental-health,General Mental Health,life-transitions-and-change,Emotional Regulation,78,medium,exact_topic:general-mental-health via Anxiety (w=0.45)|alias_keyword:stress|exact_topic:general-mental-health via Body Image (w=0.55)|demoted_missing_keyword_support|exact_topic:general-mental-health via Life Transitions (w=0.7)|alt_topic:general-mental-health via Stress (w=0.45)|alias_keyword:stress,,none,complete,true,false,,,,true,2026-06-19,,
a220dc51-5ce7-4ef4-b1bf-db0d6e700dee,why-do-i-feel-depressed-even-when-my-life-is-going-well,david-k-gore-phd,"Kenneth W. Christian, PhD",,,sarah-evers,Sarah Evers,Life Events & Transitions,general-mental-health,General Mental Health,life-transitions-and-change,General Mental Health,70,medium,exact_topic:general-mental-health via Chronic Illness & Disability (w=0.65)|demoted_missing_keyword_support|exact_topic:general-mental-health via Caregiver Stress (w=0.65)|demoted_missing_keyword_support|exact_topic:general-mental-health via Medical Trauma & Health Anxiety (w=0.45)|exact_topic:general-mental-health via Life Events & Transitions (w=0.7),,none,complete,true,false,,,,true,2026-06-19,,
6f2af34c-432e-4886-b692-f43c371b6796,why-do-i-feel-disconnected-from-my-emoti-177940-014,david-k-gore-phd,"Kenneth W. Christian, PhD",,,samantha-bryant,Samantha Bryant,Life Transitions,general-mental-health,General Mental Health,life-transitions-and-change,Emotional Regulation,70,medium,exact_topic:general-mental-health via Anxiety (w=0.45)|exact_topic:general-mental-health via Body Image (w=0.55)|demoted_missing_keyword_support|parent_theme:life-transitions-and-change via Grief|exact_topic:general-mental-health via Life Transitions (w=0.7)|alt_topic:general-mental-health via Stress (w=0.45),,none,complete,true,false,,,,true,2026-06-19,,
736bf9b9-4cd2-4f34-a6b8-67b91401fcef,why-do-i-feel-emotionally-exhausted-all-the-time,david-k-gore-phd,"Kenneth W. Christian, PhD",,,meredith-price,Meredith Price,Stress,general-mental-health,General Mental Health,life-transitions-and-change,General Mental Health,78,medium,exact_topic:general-mental-health via Anxiety (w=0.45)|alias_keyword:stress|exact_topic:general-mental-health via Body Image (w=0.55)|demoted_missing_keyword_support|parent_theme:life-transitions-and-change via Grief|exact_topic:general-mental-health via Life Transitions (w=0.7)|alt_topic:general-mental-health via Stress (w=0.45)|alias_keyword:stress,"requires_keyword_support:Pregnancy, Prenatal, Postpartum|requires_keyword_support:Infertility",none,complete,true,false,,,,true,2026-06-19,,
e20a9f6f-eea9-4cd4-9a05-357b3aad3af1,why-do-i-feel-exhausted-all-the-time-eve-177940-002,david-k-gore-phd,"Kenneth W. Christian, PhD",,,meredith-price,Meredith Price,Mood Disorders,general-mental-health,General Mental Health,life-transitions-and-change,Physical Health,78,medium,exact_topic:general-mental-health via Anxiety (w=0.45)|exact_topic:general-mental-health via Body Image (w=0.55)|demoted_missing_keyword_support|parent_theme:life-transitions-and-change via Grief|exact_topic:general-mental-health via Life Transitions (w=0.7)|alias_keyword:mood disorder|alt_topic:general-mental-health via Stress (w=0.45),"requires_keyword_support:Pregnancy, Prenatal, Postpartum|requires_keyword_support:Infertility",none,complete,true,false,,,,true,2026-06-19,,
f6c563e7-d3ce-48c8-aee4-76cb9b572de9,why-do-i-feel-furious-over-small-things-that-shoul-186602-001,david-k-gore-phd,"Kenneth W. Christian, PhD",,,meredith-price,Meredith Price,Stress,general-mental-health,General Mental Health,life-transitions-and-change,Anger & Emotional Regulation,78,medium,exact_topic:general-mental-health via Anxiety (w=0.45)|alias_keyword:stress|exact_topic:general-mental-health via Body Image (w=0.55)|demoted_missing_keyword_support|parent_theme:life-transitions-and-change via Grief|exact_topic:general-mental-health via Life Transitions (w=0.7)|alt_topic:general-mental-health via Stress (w=0.45)|alias_keyword:stress,"requires_keyword_support:Pregnancy, Prenatal, Postpartum|requires_keyword_support:Infertility",none,complete,true,false,,,,true,2026-06-19,,
989e712a-ba3c-4ad2-9e8e-be351947c8c6,why-do-i-feel-guilty-when-i-put-myself-first,david-k-gore-phd,"Kenneth W. Christian, PhD",,,samantha-bryant,Samantha Bryant,Life Transitions,general-mental-health,General Mental Health,life-transitions-and-change,General Mental Health,70,medium,exact_topic:general-mental-health via Anxiety (w=0.45)|exact_topic:general-mental-health via Body Image (w=0.55)|demoted_missing_keyword_support|parent_theme:life-transitions-and-change via Grief|exact_topic:general-mental-health via Life Transitions (w=0.7)|alt_topic:general-mental-health via Stress (w=0.45),,none,complete,true,false,,,,true,2026-06-19,,
14674ade-4e23-46c4-bc1e-ffa99b060730,why-do-i-feel-like-i-dont-fit-in-anywher-184729-008,david-k-gore-phd,"Kenneth W. Christian, PhD",,,lauren-sanders,Lauren Sanders,ADHD,teens-and-identity,Teens & Identity,family-and-parenting,Teens & Identity,78,medium,exact_topic:teens-and-identity via Parenting (w=0.7)|alias_keyword:neurodiversity|alt_topic:teens-and-identity via Child (w=0.7),,none,complete,true,false,,,,true,2026-06-19,,
0b21d842-c733-48d0-8c58-c13128727de1,why-do-i-feel-like-im-faking-my-personal-186032-012,david-k-gore-phd,"Kenneth W. Christian, PhD",,,jeannine-jannot,"Jeannine Jannot, Ph.D.",Parenting,teens-and-identity,Teens & Identity,family-and-parenting,Teens & Identity,70,medium,exact_topic:teens-and-identity via School Issues (w=0.45)|exact_topic:teens-and-identity via Parenting (w=0.7)|tied_topic:teens-and-identity via Child (w=0.7)|alt_topic:teens-and-identity via Education and Learning Disabilities (w=0.45)|alt_topic:teens-and-identity via Executive Functioning (w=0.45)|alt_topic:teens-and-identity via Productivity Coaching (w=0.45),,none,complete,true,false,,,,true,2026-06-19,,
24d93f30-d908-4cea-8450-d0c0e9f4039e,why-do-i-feel-lonely-even-around-people,david-k-gore-phd,"Kenneth W. Christian, PhD",,,laura-hilsen,Laura Hilsen,Relationship Issues,loneliness-and-belonging,Loneliness & Belonging,relationships-and-connection,Loneliness & Isolation,56,medium,exact_topic:loneliness-and-belonging via Relationship Issues (w=0.45)|parent_theme:relationships-and-connection via Relationship Issues|alt_topic:loneliness-and-belonging via Divorce (w=0.45)|alt_topic:loneliness-and-belonging via Infidelity (w=0.45),,none,complete,true,false,,,,true,2026-06-27,,
2cf2aa9d-d3ae-438e-a93e-79353dc14c94,why-do-i-feel-more-irritable-and-angry-during-cert-186602-007,david-k-gore-phd,"Kenneth W. Christian, PhD",,,laura-hilsen,Laura Hilsen,Life Transitions,general-mental-health,General Mental Health,life-transitions-and-change,Anger & Emotional Regulation,70,medium,exact_topic:general-mental-health via Anxiety (w=0.45)|exact_topic:general-mental-health via Life Transitions (w=0.7),,none,complete,true,false,,,,true,2026-06-19,,
9d60b488-3389-4fc9-b819-a2f7048fcf10,why-do-i-feel-so-angry-all-the-time-186032-020,david-k-gore-phd,"Kenneth W. Christian, PhD",,,jeannine-jannot,"Jeannine Jannot, Ph.D.",Parenting,teens-and-identity,Teens & Identity,family-and-parenting,Teens & Identity,70,medium,exact_topic:teens-and-identity via School Issues (w=0.45)|exact_topic:teens-and-identity via Parenting (w=0.7)|tied_topic:teens-and-identity via Child (w=0.7)|alt_topic:teens-and-identity via Education and Learning Disabilities (w=0.45)|alt_topic:teens-and-identity via Executive Functioning (w=0.45)|alt_topic:teens-and-identity via Productivity Coaching (w=0.45),,none,complete,true,false,,,,true,2026-06-19,,
f4241a47-1cfa-495f-8d2c-2b5075952286,why-do-i-feel-so-different-from-my-paren-184729-010,david-k-gore-phd,"Kenneth W. Christian, PhD",,,lauren-sanders,Lauren Sanders,Grief,teens-and-identity,Teens & Identity,family-and-parenting,Teens & Identity,78,medium,exact_topic:teens-and-identity via Parenting (w=0.7)|tied_topic:teens-and-identity via Child (w=0.7)|alias_keyword:Grief,,none,complete,true,false,,,,true,2026-06-19,,
56060eeb-fb79-40f3-a475-99890a068f4d,why-do-i-feel-so-lonely-even-when-im-surrounded-by-people,david-k-gore-phd,"Kenneth W. Christian, PhD",,,lexi-cooper,Lexi Cooper,Familial Relationship Counseling,loneliness-and-belonging,Loneliness & Belonging,relationships-and-connection,Loneliness & Isolation,56,medium,exact_topic:loneliness-and-belonging via Familial Relationship Counseling (w=0.45)|parent_theme:relationships-and-connection via Familial Relationship Counseling,requires_keyword_support:Student Athletic Challenges,none,complete,true,false,,,,true,2026-06-19,,
4e265b95-99f7-4bb4-81f7-b1847786cfae,why-do-i-isolate-myself-when-im-struggling-even-though-i-know-i-need-support,david-k-gore-phd,"Kenneth W. Christian, PhD",,,lynn-lane,Lynn Lane,Relationship Counseling,loneliness-and-belonging,Loneliness & Belonging,relationships-and-connection,Loneliness & Isolation,56,medium,alias_keyword:stress|alt_topic:loneliness-and-belonging via Relationship Counseling (w=0.45)|parent_theme:relationships-and-connection via Relationship Counseling,,none,complete,true,false,,,,true,2026-06-19,,
c0355aa4-dde2-474f-b630-5755fff03c89,why-do-i-isolate-myself-when-struggling,david-k-gore-phd,"Kenneth W. Christian, PhD",,,alex-crenshaw-phd,Dr. Alex Crenshaw,Couples,loneliness-and-belonging,Loneliness & Belonging,relationships-and-connection,Loneliness & Isolation,56,medium,exact_topic:loneliness-and-belonging via Couples (w=0.45)|parent_theme:relationships-and-connection via Couples,,none,complete,true,false,,,,true,2026-06-27,,
a87fb407-8c70-499a-ae29-7db1404f8e6d,why-do-i-shut-down-emotionally-when-conflict-start-186602-003,david-k-gore-phd,"Kenneth W. Christian, PhD",,,meredith-price,Meredith Price,Life Transitions,general-mental-health,General Mental Health,life-transitions-and-change,Anger & Emotional Regulation,70,medium,exact_topic:general-mental-health via Anxiety (w=0.45)|exact_topic:general-mental-health via Body Image (w=0.55)|demoted_missing_keyword_support|parent_theme:life-transitions-and-change via Grief|exact_topic:general-mental-health via Life Transitions (w=0.7)|alt_topic:general-mental-health via Stress (w=0.45),"requires_keyword_support:Pregnancy, Prenatal, Postpartum|requires_keyword_support:Infertility",none,complete,true,false,,,,true,2026-06-19,,
207ee5dc-b0e9-4470-a99d-de7c7ee5ef4f,why-is-my-teenager-so-angry-and-hostile-toward-me--187459-004,david-k-gore-phd,"Kenneth W. Christian, PhD",,,jeannine-jannot,"Jeannine Jannot, Ph.D.",Parenting,teens-and-identity,Teens & Identity,family-and-parenting,Teen-Specific Questions,70,medium,exact_topic:teens-and-identity via School Issues (w=0.45)|exact_topic:teens-and-identity via Parenting (w=0.7)|tied_topic:teens-and-identity via Child (w=0.7)|alt_topic:teens-and-identity via Education and Learning Disabilities (w=0.45)|alt_topic:teens-and-identity via Executive Functioning (w=0.45)|alt_topic:teens-and-identity via Productivity Coaching (w=0.45),,none,complete,true,false,,,,true,2026-06-19,,
